driverId,driverRef,number,code,dob,nationality,url,forename,surname
1,hamilton,44,ham,1985-01-07,british,http://en.wikipedia.org/wiki/Lewis_Hamilton,lewis,hamilton
2,heidfeld,,hei,1977-05-10,german,http://en.wikipedia.org/wiki/Nick_Heidfeld,nick,heidfeld
3,rosberg,6,ros,1985-06-27,german,http://en.wikipedia.org/wiki/Nico_Rosberg,nico,rosberg
4,alonso,14,alo,1981-07-29,spanish,http://en.wikipedia.org/wiki/Fernando_Alonso,fernando,alonso
5,kovalainen,,kov,1981-10-19,finnish,http://en.wikipedia.org/wiki/Heikki_Kovalainen,heikki,kovalainen
6,nakajima,,nak,1985-01-11,japanese,http://en.wikipedia.org/wiki/Kazuki_Nakajima,kazuki,nakajima
7,bourdais,,bou,1979-02-28,french,http://en.wikipedia.org/wiki/S%C3%A9bastien_Bourdais,sebastien,bourdais
8,raikkonen,7,rai,1979-10-17,finnish,http://en.wikipedia.org/wiki/Kimi_R%C3%A4ikk%C3%B6nen,kimi,raikkonen
9,kubica,88,kub,1984-12-07,polish,http://en.wikipedia.org/wiki/Robert_Kubica,robert,kubica
10,glock,,glo,1982-03-18,german,http://en.wikipedia.org/wiki/Timo_Glock,timo,glock
11,sato,,sat,1977-01-28,japanese,http://en.wikipedia.org/wiki/Takuma_Sato,takuma,sato
12,piquet_jr,,piq,1985-07-25,brazilian,"http://en.wikipedia.org/wiki/Nelson_Piquet,_Jr.",nelson,piquet jr.
13,massa,19,mas,1981-04-25,brazilian,http://en.wikipedia.org/wiki/Felipe_Massa,felipe,massa
14,coulthard,,cou,1971-03-27,british,http://en.wikipedia.org/wiki/David_Coulthard,david,coulthard
15,trulli,,tru,1974-07-13,italian,http://en.wikipedia.org/wiki/Jarno_Trulli,jarno,trulli
16,sutil,99,sut,1983-01-11,german,http://en.wikipedia.org/wiki/Adrian_Sutil,adrian,sutil
17,webber,,web,1976-08-27,australian,http://en.wikipedia.org/wiki/Mark_Webber,mark,webber
18,button,22,but,1980-01-19,british,http://en.wikipedia.org/wiki/Jenson_Button,jenson,button
19,davidson,,dav,1979-04-18,british,http://en.wikipedia.org/wiki/Anthony_Davidson,anthony,davidson
20,vettel,5,vet,1987-07-03,german,http://en.wikipedia.org/wiki/Sebastian_Vettel,sebastian,vettel
21,fisichella,,fis,1973-01-14,italian,http://en.wikipedia.org/wiki/Giancarlo_Fisichella,giancarlo,fisichella
22,barrichello,,bar,1972-05-23,brazilian,http://en.wikipedia.org/wiki/Rubens_Barrichello,rubens,barrichello
23,ralf_schumacher,,sch,1975-06-30,german,http://en.wikipedia.org/wiki/Ralf_Schumacher,ralf,schumacher
24,liuzzi,,liu,1980-08-06,italian,http://en.wikipedia.org/wiki/Vitantonio_Liuzzi,vitantonio,liuzzi
25,wurz,,wur,1974-02-15,austrian,http://en.wikipedia.org/wiki/Alexander_Wurz,alexander,wurz
26,speed,,spe,1983-01-24,american,http://en.wikipedia.org/wiki/Scott_Speed,scott,speed
27,albers,,alb,1979-04-16,dutch,http://en.wikipedia.org/wiki/Christijan_Albers,christijan,albers
28,markus_winkelhock,,win,1980-06-13,german,http://en.wikipedia.org/wiki/Markus_Winkelhock,markus,winkelhock
29,yamamoto,,yam,1982-07-09,japanese,http://en.wikipedia.org/wiki/Sakon_Yamamoto,sakon,yamamoto
30,michael_schumacher,,msc,1969-01-03,german,http://en.wikipedia.org/wiki/Michael_Schumacher,michael,schumacher
31,montoya,,mon,1975-09-20,colombian,http://en.wikipedia.org/wiki/Juan_Pablo_Montoya,juan,pablo montoya
32,klien,,kli,1983-02-07,austrian,http://en.wikipedia.org/wiki/Christian_Klien,christian,klien
33,monteiro,,tmo,1976-07-24,portuguese,http://en.wikipedia.org/wiki/Tiago_Monteiro,tiago,monteiro
34,ide,,ide,1975-01-21,japanese,http://en.wikipedia.org/wiki/Yuji_Ide,yuji,ide
35,villeneuve,,vil,1971-04-09,canadian,http://en.wikipedia.org/wiki/Jacques_Villeneuve,jacques,villeneuve
36,montagny,,fmo,1978-01-05,french,http://en.wikipedia.org/wiki/Franck_Montagny,franck,montagny
37,rosa,,dlr,1971-02-24,spanish,http://en.wikipedia.org/wiki/Pedro_de_la_Rosa,pedro,de la rosa
38,doornbos,,doo,1981-09-23,dutch,http://en.wikipedia.org/wiki/Robert_Doornbos,robert,doornbos
39,karthikeyan,,kar,1977-01-14,indian,http://en.wikipedia.org/wiki/Narain_Karthikeyan,narain,karthikeyan
40,friesacher,,fri,1980-09-26,austrian,http://en.wikipedia.org/wiki/Patrick_Friesacher,patrick,friesacher
41,zonta,,zon,1976-03-23,brazilian,http://en.wikipedia.org/wiki/Ricardo_Zonta,ricardo,zonta
42,pizzonia,,piz,1980-09-11,brazilian,http://en.wikipedia.org/wiki/Ant%C3%B4nio_Pizzonia,antonio,pizzonia
43,matta,,\n,1973-09-19,brazilian,http://en.wikipedia.org/wiki/Cristiano_da_Matta,cristiano,da matta
44,panis,,\n,1966-09-02,french,http://en.wikipedia.org/wiki/Olivier_Panis,olivier,panis
45,pantano,,\n,1979-02-04,italian,http://en.wikipedia.org/wiki/Giorgio_Pantano,giorgio,pantano
46,bruni,,\n,1981-05-30,italian,http://en.wikipedia.org/wiki/Gianmaria_Bruni,gianmaria,bruni
47,baumgartner,,\n,1981-01-01,hungarian,http://en.wikipedia.org/wiki/Zsolt_Baumgartner,zsolt,baumgartner
48,gene,,\n,1974-03-29,spanish,http://en.wikipedia.org/wiki/Marc_Gen%C3%A9,marc,gene
49,frentzen,,\n,1967-05-18,german,http://en.wikipedia.org/wiki/Heinz-Harald_Frentzen,heinz-harald,frentzen
50,verstappen,,\n,1972-03-04,dutch,http://en.wikipedia.org/wiki/Jos_Verstappen,jos,verstappen
51,wilson,,\n,1978-07-31,british,http://en.wikipedia.org/wiki/Justin_Wilson_(racing_driver),justin,wilson
52,firman,,\n,1975-05-20,irish,http://en.wikipedia.org/wiki/Ralph_Firman,ralph,firman
53,kiesa,,\n,1978-03-03,danish,http://en.wikipedia.org/wiki/Nicolas_Kiesa,nicolas,kiesa
54,burti,,\n,1975-03-05,brazilian,http://en.wikipedia.org/wiki/Luciano_Burti,luciano,burti
55,alesi,,\n,1964-06-11,french,http://en.wikipedia.org/wiki/Jean_Alesi,jean,alesi
56,irvine,,\n,1965-11-10,british,http://en.wikipedia.org/wiki/Eddie_Irvine,eddie,irvine
57,hakkinen,,\n,1968-09-28,finnish,http://en.wikipedia.org/wiki/Mika_H%C3%A4kkinen,mika,hakkinen
58,marques,,\n,1976-01-19,brazilian,http://en.wikipedia.org/wiki/Tarso_Marques,tarso,marques
59,bernoldi,,\n,1978-10-19,brazilian,http://en.wikipedia.org/wiki/Enrique_Bernoldi,enrique,bernoldi
60,mazzacane,,\n,1975-05-08,argentine,http://en.wikipedia.org/wiki/Gast%C3%B3n_Mazzacane,gaston,mazzacane
61,enge,,\n,1976-09-11,czech,http://en.wikipedia.org/wiki/Tom%C3%A1%C5%A1_Enge,tomas,enge
62,yoong,,\n,1976-07-20,malaysian,http://en.wikipedia.org/wiki/Alex_Yoong,alex,yoong
63,salo,,\n,1966-11-30,finnish,http://en.wikipedia.org/wiki/Mika_Salo,mika,salo
64,diniz,,\n,1970-05-22,brazilian,http://en.wikipedia.org/wiki/Pedro_Diniz,pedro,diniz
65,herbert,,\n,1964-06-25,british,http://en.wikipedia.org/wiki/Johnny_Herbert,johnny,herbert
66,mcnish,,\n,1969-12-29,british,http://en.wikipedia.org/wiki/Allan_McNish,allan,mcnish
67,buemi,,bue,1988-10-31,swiss,http://en.wikipedia.org/wiki/S%C3%A9bastien_Buemi,sebastien,buemi
68,takagi,,\n,1974-02-12,japanese,http://en.wikipedia.org/wiki/Toranosuke_Takagi,toranosuke,takagi
69,badoer,,bad,1971-01-25,italian,http://en.wikipedia.org/wiki/Luca_Badoer,luca,badoer
70,zanardi,,\n,1966-10-23,italian,http://en.wikipedia.org/wiki/Alex_Zanardi,alessandro,zanardi
71,damon_hill,,\n,1960-09-17,british,http://en.wikipedia.org/wiki/Damon_Hill,damon,hill
72,sarrazin,,\n,1975-11-02,french,http://en.wikipedia.org/wiki/St%C3%A9phane_Sarrazin,stephane,sarrazin
73,rosset,,\n,1968-07-27,brazilian,http://en.wikipedia.org/wiki/Ricardo_Rosset,ricardo,rosset
74,tuero,,\n,1978-04-22,argentine,http://en.wikipedia.org/wiki/Esteban_Tuero,esteban,tuero
75,nakano,,\n,1971-04-01,japanese,http://en.wikipedia.org/wiki/Shinji_Nakano,shinji,nakano
76,magnussen,,mag,1973-07-04,danish,http://en.wikipedia.org/wiki/Jan_Magnussen,jan,magnussen
77,berger,,\n,1959-08-27,austrian,http://en.wikipedia.org/wiki/Gerhard_Berger,gerhard,berger
78,larini,,\n,1964-03-19,italian,http://en.wikipedia.org/wiki/Nicola_Larini,nicola,larini
79,katayama,,\n,1963-05-29,japanese,http://en.wikipedia.org/wiki/Ukyo_Katayama,ukyo,katayama
80,sospiri,,\n,1966-10-07,italian,http://en.wikipedia.org/wiki/Vincenzo_Sospiri,vincenzo,sospiri
81,morbidelli,,\n,1968-01-13,italian,http://en.wikipedia.org/wiki/Gianni_Morbidelli,gianni,morbidelli
82,fontana,,\n,1975-01-20,argentine,http://en.wikipedia.org/wiki/Norberto_Fontana,norberto,fontana
83,lamy,,\n,1972-03-20,portuguese,http://en.wikipedia.org/wiki/Pedro_Lamy,pedro,lamy
84,brundle,,\n,1959-06-01,british,http://en.wikipedia.org/wiki/Martin_Brundle,martin,brundle
85,montermini,,\n,1964-05-30,italian,http://en.wikipedia.org/wiki/Andrea_Montermini,andrea,montermini
86,lavaggi,,\n,1958-02-18,italian,http://en.wikipedia.org/wiki/Giovanni_Lavaggi,giovanni,lavaggi
87,blundell,,\n,1966-04-08,british,http://en.wikipedia.org/wiki/Mark_Blundell,mark,blundell
88,suzuki,,\n,1960-09-08,japanese,http://en.wikipedia.org/wiki/Aguri_Suzuki,aguri,suzuki
89,inoue,,\n,1963-09-05,japanese,http://en.wikipedia.org/wiki/Taki_Inoue,taki,inoue
90,moreno,,\n,1959-02-11,brazilian,http://en.wikipedia.org/wiki/Roberto_Moreno,roberto,moreno
91,wendlinger,,\n,1968-12-20,austrian,http://en.wikipedia.org/wiki/Karl_Wendlinger,karl,wendlinger
92,gachot,,\n,1962-12-23,belgian,http://en.wikipedia.org/wiki/Bertrand_Gachot,bertrand,gachot
93,schiattarella,,\n,1967-11-17,italian,http://en.wikipedia.org/wiki/Domenico_Schiattarella,domenico,schiattarella
94,martini,,\n,1961-04-23,italian,http://en.wikipedia.org/wiki/Pierluigi_Martini,pierluigi,martini
95,mansell,,\n,1953-08-08,british,http://en.wikipedia.org/wiki/Nigel_Mansell,nigel,mansell
96,boullion,,\n,1969-12-27,french,http://en.wikipedia.org/wiki/Jean-Christophe_Boullion,jean-christophe,boullion
97,papis,,\n,1969-10-03,italian,http://en.wikipedia.org/wiki/Massimiliano_Papis,massimiliano,papis
98,deletraz,,\n,1963-10-01,swiss,http://en.wikipedia.org/wiki/Jean-Denis_Deletraz,jean-denis,deletraz
99,tarquini,,\n,1962-03-02,italian,http://en.wikipedia.org/wiki/Gabriele_Tarquini,gabriele,tarquini
100,comas,,\n,1963-09-28,french,http://en.wikipedia.org/wiki/%C3%89rik_Comas,erik,comas
101,brabham,,\n,1965-09-05,australian,http://en.wikipedia.org/wiki/David_Brabham,david,brabham
102,senna,,\n,1960-03-21,brazilian,http://en.wikipedia.org/wiki/Ayrton_Senna,ayrton,senna
103,bernard,,\n,1964-08-24,french,http://en.wikipedia.org/wiki/%C3%89ric_Bernard,eric,bernard
104,fittipaldi,,\n,1971-01-18,brazilian,http://en.wikipedia.org/wiki/Christian_Fittipaldi,christian,fittipaldi
105,alboreto,,\n,1956-12-23,italian,http://en.wikipedia.org/wiki/Michele_Alboreto,michele,alboreto
106,beretta,,\n,1969-11-23,monegasque,http://en.wikipedia.org/wiki/Olivier_Beretta,olivier,beretta
107,ratzenberger,,\n,1960-07-04,austrian,http://en.wikipedia.org/wiki/Roland_Ratzenberger,roland,ratzenberger
108,belmondo,,\n,1963-04-23,french,http://en.wikipedia.org/wiki/Paul_Belmondo,paul,belmondo
109,lehto,,\n,1966-01-31,finnish,http://en.wikipedia.org/wiki/Jyrki_J%C3%A4rvilehto,jyrki,jarvilehto
110,cesaris,,\n,1959-05-31,italian,http://en.wikipedia.org/wiki/Andrea_de_Cesaris,andrea,de cesaris
111,gounon,,\n,1963-01-01,french,http://en.wikipedia.org/wiki/Jean-Marc_Gounon,jean-marc,gounon
112,alliot,,\n,1954-07-27,french,http://en.wikipedia.org/wiki/Philippe_Alliot,philippe,alliot
113,adams,,\n,1969-11-19,belgian,http://en.wikipedia.org/wiki/Philippe_Adams,philippe,adams
114,dalmas,,\n,1961-07-28,french,http://en.wikipedia.org/wiki/Yannick_Dalmas,yannick,dalmas
115,noda,,\n,1969-03-07,japanese,http://en.wikipedia.org/wiki/Hideki_Noda,hideki,noda
116,lagorce,,\n,1968-09-01,french,http://en.wikipedia.org/wiki/Franck_Lagorce,franck,lagorce
117,prost,,\n,1955-02-24,french,http://en.wikipedia.org/wiki/Alain_Prost,alain,prost
118,warwick,,\n,1954-08-27,british,http://en.wikipedia.org/wiki/Derek_Warwick,derek,warwick
119,patrese,,\n,1954-04-17,italian,http://en.wikipedia.org/wiki/Riccardo_Patrese,riccardo,patrese
120,barbazza,,\n,1963-04-02,italian,http://en.wikipedia.org/wiki/Fabrizio_Barbazza,fabrizio,barbazza
121,andretti,,\n,1962-10-05,american,http://en.wikipedia.org/wiki/Michael_Andretti,michael,andretti
122,capelli,,\n,1963-05-24,italian,http://en.wikipedia.org/wiki/Ivan_Capelli,ivan,capelli
123,boutsen,,\n,1957-07-13,belgian,http://en.wikipedia.org/wiki/Thierry_Boutsen,thierry,boutsen
124,apicella,,\n,1965-10-07,italian,http://en.wikipedia.org/wiki/Marco_Apicella,marco,apicella
125,naspetti,,\n,1968-02-24,italian,http://en.wikipedia.org/wiki/Emanuele_Naspetti,emanuele,naspetti
126,toshio_suzuki,,\n,1955-03-10,japanese,http://en.wikipedia.org/wiki/Toshio_Suzuki_(driver),toshio,suzuki
127,gugelmin,,\n,1963-04-20,brazilian,http://en.wikipedia.org/wiki/Maur%C3%ADcio_Gugelmin,mauricio,gugelmin
128,poele,,\n,1961-09-30,belgian,http://en.wikipedia.org/wiki/Eric_van_de_Poele,eric,van de poele
129,grouillard,,\n,1958-09-02,french,http://en.wikipedia.org/wiki/Olivier_Grouillard,olivier,grouillard
130,chiesa,,\n,1964-05-06,swiss,http://en.wikipedia.org/wiki/Andrea_Chiesa,andrea,chiesa
131,modena,,\n,1963-05-12,italian,http://en.wikipedia.org/wiki/Stefano_Modena,stefano,modena
132,amati,,\n,1959-07-20,italian,http://en.wikipedia.org/wiki/Giovanna_Amati,giovanna,amati
133,caffi,,\n,1964-03-18,italian,http://en.wikipedia.org/wiki/Alex_Caffi,alex,caffi
134,bertaggia,,\n,1964-09-19,italian,http://en.wikipedia.org/wiki/Enrico_Bertaggia,enrico,bertaggia
135,mccarthy,,\n,1961-03-03,british,http://en.wikipedia.org/wiki/Perry_McCarthy,perry,mccarthy
136,lammers,,\n,1956-06-02,dutch,http://en.wikipedia.org/wiki/Jan_Lammers,jan,lammers
137,piquet,,\n,1952-08-17,brazilian,http://en.wikipedia.org/wiki/Nelson_Piquet,nelson,piquet
138,satoru_nakajima,,\n,1953-02-23,japanese,http://en.wikipedia.org/wiki/Satoru_Nakajima,satoru,nakajima
139,pirro,,\n,1962-01-12,italian,http://en.wikipedia.org/wiki/Emanuele_Pirro,emanuele,pirro
140,johansson,,\n,1956-09-08,swedish,http://en.wikipedia.org/wiki/Stefan_Johansson,stefan,johansson
141,bailey,,\n,1961-10-09,british,http://en.wikipedia.org/wiki/Julian_Bailey,julian,bailey
142,chaves,,\n,1965-02-27,portuguese,http://en.wikipedia.org/wiki/Pedro_Chaves,pedro,chaves
143,bartels,,\n,1968-03-08,german,http://en.wikipedia.org/wiki/Michael_Bartels,michael,bartels
144,hattori,,\n,1966-06-13,japanese,http://en.wikipedia.org/wiki/Naoki_Hattori,naoki,hattori
145,nannini,,\n,1959-07-07,italian,http://en.wikipedia.org/wiki/Alessandro_Nannini,alessandro,nannini
146,schneider,,\n,1964-07-20,german,http://en.wikipedia.org/wiki/Bernd_Schneider_(racecar_driver),bernd,schneider
147,barilla,,\n,1961-04-20,italian,http://en.wikipedia.org/wiki/Paolo_Barilla,paolo,barilla
148,foitek,,\n,1965-03-27,swiss,http://en.wikipedia.org/wiki/Gregor_Foitek,gregor,foitek
149,langes,,\n,1960-07-20,italian,http://en.wikipedia.org/wiki/Claudio_Langes,claudio,langes
150,gary_brabham,,\n,1961-03-29,australian,http://en.wikipedia.org/wiki/Gary_Brabham,gary,brabham
151,donnelly,,\n,1964-03-26,british,http://en.wikipedia.org/wiki/Martin_Donnelly_(racing_driver),martin,donnelly
152,giacomelli,,\n,1952-09-10,italian,http://en.wikipedia.org/wiki/Bruno_Giacomelli,bruno,giacomelli
153,alguersuari,,alg,1990-03-23,spanish,http://en.wikipedia.org/wiki/Jaime_Alguersuari,jaime,alguersuari
154,grosjean,8,gro,1986-04-17,french,http://en.wikipedia.org/wiki/Romain_Grosjean,romain,grosjean
155,kobayashi,10,kob,1986-09-13,japanese,http://en.wikipedia.org/wiki/Kamui_Kobayashi,kamui,kobayashi
156,palmer,,\n,1956-11-07,british,http://en.wikipedia.org/wiki/Jonathan_Palmer,jonathan,palmer
157,danner,,\n,1958-04-04,german,http://en.wikipedia.org/wiki/Christian_Danner,christian,danner
158,cheever,,\n,1958-01-10,american,http://en.wikipedia.org/wiki/Eddie_Cheever,eddie,cheever
159,sala,,\n,1959-05-15,spanish,http://en.wikipedia.org/wiki/Luis_Perez-Sala,luis,perez-sala
160,ghinzani,,\n,1952-01-16,italian,http://en.wikipedia.org/wiki/Piercarlo_Ghinzani,piercarlo,ghinzani
161,weidler,,\n,1962-03-18,german,http://en.wikipedia.org/wiki/Volker_Weidler,volker,weidler
162,raphanel,,\n,1961-05-27,french,http://en.wikipedia.org/wiki/Pierre-Henri_Raphanel,pierre-henri,raphanel
163,arnoux,,\n,1948-07-04,french,http://en.wikipedia.org/wiki/Ren%C3%A9_Arnoux,rene,arnoux
164,joachim_winkelhock,,\n,1960-10-24,german,http://en.wikipedia.org/wiki/Joachim_Winkelhock,joachim,winkelhock
165,larrauri,,\n,1954-08-19,argentine,http://en.wikipedia.org/wiki/Oscar_Larrauri,oscar,larrauri
166,streiff,,\n,1955-06-26,french,http://en.wikipedia.org/wiki/Philippe_Streiff,philippe,streiff
167,campos,,\n,1960-06-17,spanish,http://en.wikipedia.org/wiki/Adri%C3%A1n_Campos,adrian,campos
168,schlesser,,\n,1948-09-12,french,http://en.wikipedia.org/wiki/Jean-Louis_Schlesser,jean-louis,schlesser
169,fabre,,\n,1960-01-09,french,http://en.wikipedia.org/wiki/Pascal_Fabre,pascal,fabre
170,fabi,,\n,1955-03-09,italian,http://en.wikipedia.org/wiki/Teo_Fabi,teo,fabi
171,forini,,\n,1958-09-22,swiss,http://en.wikipedia.org/wiki/Franco_Forini,franco,forini
172,laffite,,\n,1943-11-21,french,http://en.wikipedia.org/wiki/Jacques_Laffite,jacques,laffite
173,angelis,,\n,1958-03-26,italian,http://en.wikipedia.org/wiki/Elio_de_Angelis,elio,de angelis
174,dumfries,,\n,1958-04-26,british,http://en.wikipedia.org/wiki/Johnny_Dumfries,johnny,dumfries
175,tambay,,\n,1949-06-25,french,http://en.wikipedia.org/wiki/Patrick_Tambay,patrick,tambay
176,surer,,\n,1951-09-18,swiss,http://en.wikipedia.org/wiki/Marc_Surer,marc,surer
177,keke_rosberg,,\n,1948-12-06,finnish,http://en.wikipedia.org/wiki/Keke_Rosberg,keke,rosberg
178,jones,,\n,1946-11-02,australian,http://en.wikipedia.org/wiki/Alan_Jones_(Formula_1),alan,jones
179,rothengatter,,\n,1954-10-08,dutch,http://en.wikipedia.org/wiki/Huub_Rothengatter,huub,rothengatter
180,berg,,\n,1961-08-01,canadian,http://en.wikipedia.org/wiki/Allen_Berg,allen,berg
181,manfred_winkelhock,,\n,1951-10-06,german,http://en.wikipedia.org/wiki/Manfred_Winkelhock,manfred,winkelhock
182,lauda,,\n,1949-02-22,austrian,http://en.wikipedia.org/wiki/Niki_Lauda,niki,lauda
183,hesnault,,\n,1956-12-30,french,http://en.wikipedia.org/wiki/Fran%C3%A7ois_Hesnault,francois,hesnault
184,baldi,,\n,1954-01-31,italian,http://en.wikipedia.org/wiki/Mauro_Baldi,mauro,baldi
185,bellof,,\n,1957-11-20,german,http://en.wikipedia.org/wiki/Stefan_Bellof,stefan,bellof
186,acheson,,\n,1957-11-27,british,http://en.wikipedia.org/wiki/Kenny_Acheson,kenny,acheson
187,watson,,\n,1946-05-04,british,http://en.wikipedia.org/wiki/John_Watson_(racing_driver),john,watson
188,cecotto,,\n,1956-01-25,venezuelan,http://en.wikipedia.org/wiki/Johnny_Cecotto,johnny,cecotto
189,gartner,,\n,1954-01-24,austrian,http://en.wikipedia.org/wiki/Jo_Gartner,jo,gartner
190,corrado_fabi,,\n,1961-04-12,italian,http://en.wikipedia.org/wiki/Corrado_Fabi,corrado,fabi
191,thackwell,,\n,1961-03-30,new zealander,http://en.wikipedia.org/wiki/Mike_Thackwell,mike,thackwell
192,serra,,\n,1957-02-03,brazilian,http://en.wikipedia.org/wiki/Chico_Serra,chico,serra
193,sullivan,,\n,1950-03-09,american,http://en.wikipedia.org/wiki/Danny_Sullivan,danny,sullivan
194,salazar,,\n,1954-11-14,chilean,http://en.wikipedia.org/wiki/Eliseo_Salazar,eliseo,salazar
195,guerrero,,\n,1958-11-16,colombian,http://en.wikipedia.org/wiki/Roberto_Guerrero,roberto,guerrero
196,boesel,,\n,1957-12-04,brazilian,http://en.wikipedia.org/wiki/Raul_Boesel,raul,boesel
197,jarier,,\n,1946-07-10,french,http://en.wikipedia.org/wiki/Jean-Pierre_Jarier,jean-pierre,jarier
198,villeneuve_sr,,\n,1953-11-04,canadian,http://en.wikipedia.org/wiki/Jacques_Villeneuve_(elder),jacques,villeneuve sr.
199,reutemann,,\n,1942-04-12,argentine,http://en.wikipedia.org/wiki/Carlos_Reutemann,carlos,reutemann
200,mass,,\n,1946-09-30,german,http://en.wikipedia.org/wiki/Jochen_Mass,jochen,mass
201,borgudd,,\n,1946-11-25,swedish,http://en.wikipedia.org/wiki/Slim_Borgudd,slim,borgudd
202,pironi,,\n,1952-03-26,french,http://en.wikipedia.org/wiki/Didier_Pironi,didier,pironi
203,gilles_villeneuve,,\n,1950-01-18,canadian,http://en.wikipedia.org/wiki/Gilles_Villeneuve,gilles,villeneuve
204,paletti,,\n,1958-06-15,italian,http://en.wikipedia.org/wiki/Riccardo_Paletti,riccardo,paletti
205,henton,,\n,1946-09-19,british,http://en.wikipedia.org/wiki/Brian_Henton,brian,henton
206,daly,,\n,1953-03-11,irish,http://en.wikipedia.org/wiki/Derek_Daly,derek,daly
207,mario_andretti,,\n,1940-02-28,american,http://en.wikipedia.org/wiki/Mario_Andretti,mario,andretti
208,villota,,\n,1946-07-26,spanish,http://en.wikipedia.org/wiki/Emilio_de_Villota,emilio,de villota
209,lees,,\n,1951-05-01,british,http://en.wikipedia.org/wiki/Geoff_Lees,geoff,lees
210,byrne,,\n,1958-05-06,irish,http://en.wikipedia.org/wiki/Tommy_Byrne_%28racing_driver%29,tommy,byrne
211,keegan,,\n,1955-02-26,british,http://en.wikipedia.org/wiki/Rupert_Keegan,rupert,keegan
212,rebaque,,\n,1956-02-05,mexican,http://en.wikipedia.org/wiki/Hector_Rebaque,hector,rebaque
213,gabbiani,,\n,1957-01-02,italian,http://en.wikipedia.org/wiki/Beppe_Gabbiani,beppe,gabbiani
214,cogan,,\n,1956-03-31,american,http://en.wikipedia.org/wiki/Kevin_Cogan,kevin,cogan
215,guerra,,\n,1953-08-31,argentine,http://en.wikipedia.org/wiki/Miguel_Angel_Guerra,miguel angel,guerra
216,stohr,,\n,1952-10-10,italian,http://en.wikipedia.org/wiki/Siegfried_Stohr,siegfried,stohr
217,zunino,,\n,1949-04-13,argentine,http://en.wikipedia.org/wiki/Ricardo_Zunino,ricardo,zunino
218,londono,,\n,1949-08-08,colombian,http://en.wikipedia.org/wiki/Ricardo_Londo%C3%B1o,ricardo,londono
219,jabouille,,\n,1942-10-01,french,http://en.wikipedia.org/wiki/Jean-Pierre_Jabouille,jean-pierre,jabouille
220,francia,,\n,1947-11-08,italian,http://en.wikipedia.org/wiki/Giorgio_Francia,giorgio,francia
221,depailler,,\n,1944-08-09,french,http://en.wikipedia.org/wiki/Patrick_Depailler,patrick,depailler
222,scheckter,,\n,1950-01-29,south african,http://en.wikipedia.org/wiki/Jody_Scheckter,jody,scheckter
223,regazzoni,,\n,1939-09-05,swiss,http://en.wikipedia.org/wiki/Clay_Regazzoni,clay,regazzoni
224,emerson_fittipaldi,,\n,1946-12-12,brazilian,http://en.wikipedia.org/wiki/Emerson_Fittipaldi,emerson,fittipaldi
225,kennedy,,\n,1953-01-15,irish,http://en.wikipedia.org/wiki/David_Kennedy_(racing_driver),dave,kennedy
226,south,,\n,1952-02-19,british,http://en.wikipedia.org/wiki/Stephen_South,stephen,south
227,needell,,\n,1951-10-29,british,http://en.wikipedia.org/wiki/Tiff_Needell,tiff,needell
228,desire_wilson,,\n,1953-11-26,south african,http://en.wikipedia.org/wiki/Desir%C3%A9_Wilson,desire,wilson
229,ertl,,\n,1948-08-31,austrian,http://en.wikipedia.org/wiki/Harald_Ertl,harald,ertl
230,brambilla,,\n,1937-11-11,italian,http://en.wikipedia.org/wiki/Vittorio_Brambilla,vittorio,brambilla
231,hunt,,\n,1947-08-29,british,http://en.wikipedia.org/wiki/James_Hunt,james,hunt
232,merzario,,\n,1943-03-11,italian,http://en.wikipedia.org/wiki/Arturo_Merzario,arturo,merzario
233,stuck,,\n,1951-01-01,german,http://en.wikipedia.org/wiki/Hans_Joachim_Stuck,hans-joachim,stuck
234,brancatelli,,\n,1950-01-18,italian,http://en.wikipedia.org/wiki/Gianfranco_Brancatelli,gianfranco,brancatelli
235,ickx,,\n,1945-01-01,belgian,http://en.wikipedia.org/wiki/Jacky_Ickx,jacky,ickx
236,gaillard,,\n,1952-02-12,french,http://en.wikipedia.org/wiki/Patrick_Gaillard,patrick,gaillard
237,ribeiro,,\n,1948-11-07,brazilian,http://en.wikipedia.org/wiki/Alex_Ribeiro,alex,ribeiro
238,peterson,,\n,1944-02-14,swedish,http://en.wikipedia.org/wiki/Ronnie_Peterson,ronnie,peterson
239,lunger,,\n,1945-11-14,american,http://en.wikipedia.org/wiki/Brett_Lunger,brett,lunger
240,ongais,,\n,1942-05-21,american,http://en.wikipedia.org/wiki/Danny_Ongais,danny,ongais
241,leoni,,\n,1953-05-24,italian,http://en.wikipedia.org/wiki/Lamberto_Leoni,lamberto,leoni
242,galica,,\n,1944-08-13,british,http://en.wikipedia.org/wiki/Divina_Galica,divina,galica
243,stommelen,,\n,1943-07-11,german,http://en.wikipedia.org/wiki/Rolf_Stommelen,rolf,stommelen
244,colombo,,\n,1946-02-23,italian,http://en.wikipedia.org/wiki/Alberto_Colombo,alberto,colombo
245,trimmer,,\n,1943-01-24,british,http://en.wikipedia.org/wiki/Tony_Trimmer,tony,trimmer
246,binder,,\n,1948-06-12,austrian,http://en.wikipedia.org/wiki/Hans_Binder,hans,binder
247,bleekemolen,,\n,1949-10-02,dutch,http://en.wikipedia.org/wiki/Michael_Bleekemolen,michael,bleekemolen
248,gimax,,\n,1938-01-01,italian,http://en.wikipedia.org/wiki/Gimax,carlo,franchi
249,rahal,,\n,1953-01-10,american,http://en.wikipedia.org/wiki/Bobby_Rahal,bobby,rahal
250,pace,,\n,1944-10-06,brazilian,http://en.wikipedia.org/wiki/Carlos_Pace,carlos,pace
251,ian_scheckter,,\n,1947-08-22,south african,http://en.wikipedia.org/wiki/Ian_Scheckter,ian,scheckter
252,pryce,,\n,1949-06-11,british,http://en.wikipedia.org/wiki/Tom_Pryce,tom,pryce
253,hoffmann,,\n,1953-02-28,brazilian,http://en.wikipedia.org/wiki/Ingo_Hoffmann,ingo,hoffmann
254,zorzi,,\n,1946-12-12,italian,http://en.wikipedia.org/wiki/Renzo_Zorzi,renzo,zorzi
255,nilsson,,\n,1948-11-20,swedish,http://en.wikipedia.org/wiki/Gunnar_Nilsson,gunnar,nilsson
256,perkins,,\n,1950-03-18,australian,http://en.wikipedia.org/wiki/Larry_Perkins,larry,perkins
257,hayje,,\n,1949-05-03,dutch,http://en.wikipedia.org/wiki/Boy_Hayje,boy,lunger
258,neve,,\n,1949-10-13,belgian,http://en.wikipedia.org/wiki/Patrick_Neve,patrick,neve
259,purley,,\n,1945-01-26,british,http://en.wikipedia.org/wiki/David_Purley,david,purley
260,andersson,,\n,1939-12-28,swedish,http://en.wikipedia.org/wiki/Conny_Andersson_(racing_driver),conny,andersson
261,dryver,,\n,1952-09-19,belgian,http://en.wikipedia.org/wiki/Bernard_de_Dryver,bernard,de dryver
262,oliver,,\n,1942-08-14,british,http://en.wikipedia.org/wiki/Jackie_Oliver,jackie,oliver
263,kozarowitzky,,\n,1948-05-17,finnish,http://en.wikipedia.org/wiki/Mikko_Kozarowitzky,mikko,kozarowitzky
264,sutcliffe,,\n,1947-05-09,british,http://en.wikipedia.org/wiki/Andy_Sutcliffe,andy,sutcliffe
265,edwards,,\n,1942-12-30,british,http://en.wikipedia.org/wiki/Guy_Edwards,guy,edwards
266,mcguire,,\n,1945-12-13,australian,http://en.wikipedia.org/wiki/Brian_McGuire,brian,mcguire
267,schuppan,,\n,1943-03-19,australian,http://en.wikipedia.org/wiki/Vern_Schuppan,vern,schuppan
268,heyer,,\n,1943-03-16,german,http://en.wikipedia.org/wiki/Hans_Heyer,hans,heyer
269,pilette,,\n,1942-07-26,belgian,http://en.wikipedia.org/wiki/Teddy_Pilette,teddy,pilette
270,ashley,,\n,1947-10-26,british,http://en.wikipedia.org/wiki/Ian_Ashley,ian,ashley
271,kessel,,\n,1950-04-01,swiss,http://en.wikipedia.org/wiki/Loris_Kessel,loris,kessel
272,takahashi,,\n,1940-01-29,japanese,http://en.wikipedia.org/wiki/Kunimitsu_Takahashi,kunimitsu,takahashi
273,hoshino,,\n,1947-07-01,japanese,http://en.wikipedia.org/wiki/Kazuyoshi_Hoshino,kazuyoshi,hoshino
274,takahara,,\n,1951-06-06,japanese,http://en.wikipedia.org/wiki/Noritake_Takahara,noritake,takahara
275,lombardi,,\n,1941-03-26,italian,http://en.wikipedia.org/wiki/Lella_Lombardi,lella,lombardi
276,evans,,\n,1947-06-11,british,http://en.wikipedia.org/wiki/Bob_Evans_(race_driver),bob,evans
277,leclere,,\n,1946-03-18,french,http://en.wikipedia.org/wiki/Michel_Lecl%C3%A8re,michel,leclere
278,amon,,\n,1943-07-20,new zealander,http://en.wikipedia.org/wiki/Chris_Amon,chris,amon
279,zapico,,\n,1944-05-27,spanish,http://en.wikipedia.org/wiki/Emilio_Zapico,emilio,zapico
280,pescarolo,,\n,1942-09-25,french,http://en.wikipedia.org/wiki/Henri_Pescarolo,henri,pescarolo
281,nelleman,,\n,1944-04-19,danish,http://en.wikipedia.org/wiki/Jac_Nelleman,jac,nelleman
282,magee,,\n,1945-11-17,british,http://en.wikipedia.org/wiki/Damien_Magee,damien,magee
283,wilds,,\n,1946-01-07,british,http://en.wikipedia.org/wiki/Mike_Wilds,mike,wilds
284,pesenti_rossi,,\n,1942-08-31,italian,http://en.wikipedia.org/wiki/Alessandro_Pesenti-Rossi,alessandro,pesenti-rossi
285,stuppacher,,\n,1947-03-03,austrian,http://en.wikipedia.org/wiki/Otto_Stuppacher,otto,stuppacher
286,brown,,\n,1949-12-24,australian,http://en.wikipedia.org/wiki/Warwick_Brown,warwick,brown
287,hasemi,,\n,1945-11-13,japanese,http://en.wikipedia.org/wiki/Masahiro_Hasemi,masahiro,hasemi
288,donohue,,\n,1937-03-18,american,http://en.wikipedia.org/wiki/Mark_Donohue,mark,donohue
289,hill,,\n,1929-02-15,british,http://en.wikipedia.org/wiki/Graham_Hill,graham,hill
290,wilson_fittipaldi,,\n,1943-12-25,brazilian,http://en.wikipedia.org/wiki/Wilson_Fittipaldi,wilson,fittipaldi
291,tunmer,,\n,1948-12-01,south african,http://en.wikipedia.org/wiki/Guy_Tunmer,guy,tunmer
292,keizan,,\n,1944-09-12,south african,http://en.wikipedia.org/wiki/Eddie_Keizan,eddie,keizan
293,charlton,,\n,1936-10-27,south african,http://en.wikipedia.org/wiki/Dave_Charlton,dave,charlton
294,brise,,\n,1952-03-28,british,http://en.wikipedia.org/wiki/Tony_Brise,tony,brise
295,wunderink,,\n,1948-12-12,dutch,http://en.wikipedia.org/wiki/Roelof_Wunderink,roelof,wunderink
296,migault,,\n,1944-12-04,french,http://en.wikipedia.org/wiki/Fran%C3%A7ois_Migault,francois,migault
297,palm,,\n,1947-07-23,swedish,http://en.wikipedia.org/wiki/Torsten_Palm,torsten,palm
298,lennep,,\n,1942-03-16,dutch,http://en.wikipedia.org/wiki/Gijs_Van_Lennep,gijs,van lennep
299,fushida,,\n,1946-03-10,japanese,http://en.wikipedia.org/wiki/Hiroshi_Fushida,hiroshi,fushida
300,nicholson,,\n,1941-10-06,new zealander,http://en.wikipedia.org/wiki/John_Nicholson_(racing_driver),john,nicholson
301,morgan,,\n,1944-08-07,british,http://en.wikipedia.org/wiki/Dave_Morgan_(racing_driver),dave,morgan
302,crawford,,\n,1948-02-13,british,http://en.wikipedia.org/wiki/Jim_Crawford_(driver),jim,crawford
303,vonlanthen,,\n,1942-05-31,swiss,http://en.wikipedia.org/wiki/Jo_Vonlanthen,jo,vonlanthen
304,hulme,,\n,1936-06-18,new zealander,http://en.wikipedia.org/wiki/Denny_Hulme,denny,hulme
305,hailwood,,\n,1940-04-02,british,http://en.wikipedia.org/wiki/Mike_Hailwood,mike,hailwood
306,beltoise,,\n,1937-04-26,french,http://en.wikipedia.org/wiki/Jean-Pierre_Beltoise,jean-pierre,beltoise
307,ganley,,\n,1941-12-24,new zealander,http://en.wikipedia.org/wiki/Howden_Ganley,howden,ganley
308,robarts,,\n,1944-09-22,british,http://en.wikipedia.org/wiki/Richard_Robarts,richard,robarts
309,revson,,\n,1939-02-27,american,http://en.wikipedia.org/wiki/Peter_Revson,peter,revson
310,driver,,\n,1934-05-13,south african,http://en.wikipedia.org/wiki/Paddy_Driver,paddy,driver
311,belso,,\n,1942-08-27,danish,http://en.wikipedia.org/wiki/Tom_Bels%C3%B8,tom,bels
312,redman,,\n,1937-03-09,british,http://en.wikipedia.org/wiki/Brian_Redman,brian,redman
313,opel,,\n,1947-10-14,liechtensteiner,http://en.wikipedia.org/wiki/Rikky_von_Opel,rikky,von opel
314,schenken,,\n,1943-09-26,australian,http://en.wikipedia.org/wiki/Tim_Schenken,tim,schenken
315,larrousse,,\n,1940-05-23,french,http://en.wikipedia.org/wiki/G%C3%A9rard_Larrousse,gerard,larrousse
316,kinnunen,,\n,1943-08-05,finnish,http://en.wikipedia.org/wiki/Leo_Kinnunen,leo,kinnunen
317,wisell,,\n,1941-09-30,swedish,http://en.wikipedia.org/wiki/Reine_Wisell,reine,wisell
318,roos,,\n,1943-10-12,swedish,http://en.wikipedia.org/wiki/Bertil_Roos,bertil,roos
319,dolhem,,\n,1944-04-26,french,http://en.wikipedia.org/wiki/Jos%C3%A9_Dolhem,jose,dolhem
320,gethin,,\n,1940-02-21,british,http://en.wikipedia.org/wiki/Peter_Gethin,peter,gethin
321,bell,,\n,1941-10-31,british,http://en.wikipedia.org/wiki/Derek_Bell_(auto_racer),derek,bell
322,hobbs,,\n,1939-06-09,british,http://en.wikipedia.org/wiki/David_Hobbs_(racing_driver),david,hobbs
323,quester,,\n,1939-05-30,austrian,http://en.wikipedia.org/wiki/Dieter_Quester,dieter,quester
324,koinigg,,\n,1948-11-03,austrian,http://en.wikipedia.org/wiki/Helmuth_Koinigg,helmuth,koinigg
325,facetti,,\n,1935-06-26,italian,http://en.wikipedia.org/wiki/Carlo_Facetti,carlo,facetti
326,wietzes,,\n,1938-05-28,canadian,http://en.wikipedia.org/wiki/Eppie_Wietzes,eppie,wietzes
327,cevert,,\n,1944-02-25,french,http://en.wikipedia.org/wiki/Fran%C3%A7ois_Cevert,francois,cevert
328,stewart,,\n,1939-06-11,british,http://en.wikipedia.org/wiki/Jackie_Stewart,jackie,stewart
329,beuttler,,\n,1940-04-13,british,http://en.wikipedia.org/wiki/Mike_Beuttler,mike,beuttler
330,galli,,\n,1940-10-02,italian,http://en.wikipedia.org/wiki/Nanni_Galli,nanni,galli
331,bueno,,\n,1937-01-16,brazilian,http://en.wikipedia.org/wiki/Luiz_Bueno,luiz,bueno
332,follmer,,\n,1934-01-27,american,http://en.wikipedia.org/wiki/George_Follmer,george,follmer
333,adamich,,\n,1941-10-03,italian,http://en.wikipedia.org/wiki/Andrea_de_Adamich,andrea,de adamich
334,pretorius,,\n,1934-11-22,south african,http://en.wikipedia.org/wiki/Jackie_Pretorius,jackie,pretorius
335,williamson,,\n,1948-02-02,british,http://en.wikipedia.org/wiki/Roger_Williamson,roger,williamson
336,mcrae,,\n,1940-03-05,new zealander,http://en.wikipedia.org/wiki/Graham_McRae,graham,mcrae
337,marko,,\n,1943-04-27,austrian,http://en.wikipedia.org/wiki/Helmut_Marko,helmut,marko
338,walker,,\n,1941-06-10,australian,http://en.wikipedia.org/wiki/David_Walker_(racing_driver),david,walker
339,roig,,\n,1932-10-29,spanish,http://en.wikipedia.org/wiki/Alex_Soler-Roig,alex,soler-roig
340,love,,\n,1924-12-07,rhodesian,http://en.wikipedia.org/wiki/John_Love_(racing_driver),john,love
341,surtees,,\n,1934-02-11,british,http://en.wikipedia.org/wiki/John_Surtees,john,surtees
342,barber,,\n,1936-11-16,american,http://en.wikipedia.org/wiki/Skip_Barber,skip,barber
343,brack,,\n,1935-12-26,canadian,http://en.wikipedia.org/wiki/Bill_Brack,bill,brack
344,posey,,\n,1944-05-26,american,http://en.wikipedia.org/wiki/Sam_Posey,sam,posey
345,rodriguez,,\n,1940-01-18,mexican,http://en.wikipedia.org/wiki/Pedro_Rodr%C3%ADguez_(racing_driver),pedro,rodriguez
346,siffert,,\n,1936-07-07,swiss,http://en.wikipedia.org/wiki/Jo_Siffert,jo,siffert
347,bonnier,,\n,1930-01-31,swedish,http://en.wikipedia.org/wiki/Joakim_Bonnier,jo,bonnier
348,mazet,,\n,1943-02-24,french,http://en.wikipedia.org/wiki/Fran%C3%A7ois_Mazet,francois,mazet
349,jean,,\n,1943-07-27,french,http://en.wikipedia.org/wiki/Max_Jean,max,jean
350,elford,,\n,1935-06-10,british,http://en.wikipedia.org/wiki/Vic_Elford,vic,elford
351,moser,,\n,1941-04-24,swiss,http://en.wikipedia.org/wiki/Silvio_Moser,silvio,moser
352,eaton,,\n,1945-11-12,canadian,http://en.wikipedia.org/wiki/George_Eaton,george,eaton
353,lovely,,\n,1926-04-11,american,http://en.wikipedia.org/wiki/Pete_Lovely,pete,lovely
354,craft,,\n,1939-11-17,british,http://en.wikipedia.org/wiki/Chris_Craft_(racing_driver),chris,craft
355,cannoc,,\n,1933-06-21,canadian,http://en.wikipedia.org/wiki/John_Cannon_(auto_racer),john,cannon
356,jack_brabham,,\n,1926-04-02,australian,http://en.wikipedia.org/wiki/Jack_Brabham,jack,brabham
357,miles,,\n,1943-06-14,british,http://en.wikipedia.org/wiki/John_Miles_(auto_racer),john,miles
358,rindt,,\n,1942-04-18,austrian,http://en.wikipedia.org/wiki/Jochen_Rindt,jochen,rindt
359,gavin,,\n,1942-01-18,french,http://en.wikipedia.org/wiki/Johnny_Servoz-Gavin,johnny,servoz-gavin
360,mclaren,,\n,1937-08-30,new zealander,http://en.wikipedia.org/wiki/Bruce_McLaren,bruce,mclaren
361,courage,,\n,1942-05-27,british,http://en.wikipedia.org/wiki/Piers_Courage,piers,courage
362,klerk,,\n,1935-03-16,south african,http://en.wikipedia.org/wiki/Peter_de_Klerk,peter,de klerk
363,giunti,,\n,1941-08-30,italian,http://en.wikipedia.org/wiki/Ignazio_Giunti,ignazio,giunti
364,gurney,,\n,1931-04-13,american,http://en.wikipedia.org/wiki/Dan_Gurney,dan,gurney
365,hahne,,\n,1935-03-28,german,http://en.wikipedia.org/wiki/Hubert_Hahne,hubert,hahne
366,hutchison,,\n,1937-04-26,american,http://en.wikipedia.org/wiki/Gus_Hutchison,gus,hutchison
367,westbury,,\n,1938-05-26,british,http://en.wikipedia.org/wiki/Peter_Westbury,peter,westbury
368,tingle,,\n,1921-08-24,rhodesian,http://en.wikipedia.org/wiki/Sam_Tingle,sam,tingle
369,rooyen,,\n,1939-04-19,south african,http://en.wikipedia.org/wiki/Basil_van_Rooyen,basil,van rooyen
370,attwood,,\n,1940-04-04,british,http://en.wikipedia.org/wiki/Richard_Attwood,richard,attwood
371,pease,,\n,1921-10-15,canadian,http://en.wikipedia.org/wiki/Al_Pease,al,pease
372,cordts,,\n,1935-07-23,canadian,http://en.wikipedia.org/wiki/John_Cordts,john,cordts
373,clark,,\n,1936-03-04,british,http://en.wikipedia.org/wiki/Jim_Clark,jim,clark
374,spence,,\n,1936-12-30,british,http://en.wikipedia.org/wiki/Mike_Spence,mike,spence
375,scarfiotti,,\n,1933-10-18,italian,http://en.wikipedia.org/wiki/Ludovico_Scarfiotti,ludovico,scarfiotti
376,bianchi,,bia,1934-11-10,belgian,http://en.wikipedia.org/wiki/Lucien_Bianchi,lucien,bianchi
377,jo_schlesser,,\n,1928-05-18,french,http://en.wikipedia.org/wiki/Jo_Schlesser,jo,schlesser
378,widdows,,\n,1942-05-27,british,http://en.wikipedia.org/wiki/Robin_Widdows,robin,widdows
379,ahrens,,\n,1940-04-19,german,"http://en.wikipedia.org/wiki/Kurt_Ahrens,_Jr.",kurt,ahrens
380,gardner,,\n,1930-10-01,australian,http://en.wikipedia.org/wiki/Frank_Gardner_(driver),frank,gardner
381,unser,,\n,1934-02-20,american,http://en.wikipedia.org/wiki/Bobby_Unser,bobby,unser
382,solana,,\n,1935-12-26,mexican,http://en.wikipedia.org/wiki/Mois%C3%A9s_Solana,moises,solana
383,anderson,,\n,1931-05-19,british,http://en.wikipedia.org/wiki/Bob_Anderson_(racing_driver),bob,anderson
384,botha,,\n,1930-01-16,south african,http://en.wikipedia.org/wiki/Luki_Botha,luki,botha
385,bandini,,\n,1935-12-21,italian,http://en.wikipedia.org/wiki/Lorenzo_Bandini,lorenzo,bandini
386,ginther,,\n,1930-08-05,american,http://en.wikipedia.org/wiki/Richie_Ginther,richie,ginther
387,parkes,,\n,1931-09-24,british,http://en.wikipedia.org/wiki/Mike_Parkes,mike,parkes
388,irwin,,\n,1942-06-27,british,http://en.wikipedia.org/wiki/Chris_Irwin,chris,irwin
389,ligier,,\n,1930-07-12,french,http://en.wikipedia.org/wiki/Guy_Ligier,guy,ligier
390,rees,,\n,1938-01-12,british,http://en.wikipedia.org/wiki/Alan_Rees_(racing_driver),alan,rees
391,hart,,\n,1936-09-07,british,http://en.wikipedia.org/wiki/Brian_Hart,brian,hart
392,fisher,,\n,1943-03-13,american,http://en.wikipedia.org/wiki/Mike_Fisher_(driver),mike,fisher
393,tom_jones,,\n,1943-04-26,american,http://en.wikipedia.org/wiki/Tom_Jones_(auto_racer),tom,jones
394,baghetti,,\n,1934-12-25,italian,http://en.wikipedia.org/wiki/Giancarlo_Baghetti,giancarlo,baghetti
395,williams,,\n,1942-10-26,british,http://en.wikipedia.org/wiki/Jonathan_Williams_(racing_driver),jonathan,williams
396,bondurant,,\n,1933-04-27,american,http://en.wikipedia.org/wiki/Bob_Bondurant,bob,bondurant
397,arundell,,\n,1933-11-08,british,http://en.wikipedia.org/wiki/Peter_Arundell,peter,arundell
398,vic_wilson,,\n,1931-04-14,british,http://en.wikipedia.org/wiki/Vic_Wilson_(motor_racing_driver),vic,wilson
399,taylor,,\n,1933-03-23,british,http://en.wikipedia.org/wiki/John_Taylor_(racer),john,taylor
400,lawrence,,\n,1933-07-27,british,http://en.wikipedia.org/wiki/Chris_Lawrence_(racing_driver),chris,lawrence
401,trevor_taylor,,\n,1936-12-26,british,http://en.wikipedia.org/wiki/Trevor_Taylor,trevor,taylor
402,geki,,\n,1937-10-23,italian,http://en.wikipedia.org/wiki/Geki_(driver),giacomo,russo
403,phil_hill,,\n,1927-04-20,american,http://en.wikipedia.org/wiki/Phil_Hill,phil,hill
404,ireland,,\n,1930-06-12,british,http://en.wikipedia.org/wiki/Innes_Ireland,innes,ireland
405,bucknum,,\n,1936-04-05,american,http://en.wikipedia.org/wiki/Ronnie_Bucknum,ronnie,bucknum
406,hawkins,,\n,1937-10-12,australian,http://en.wikipedia.org/wiki/Paul_Hawkins_(racing_driver),paul,hawkins
407,prophet,,\n,1937-10-09,british,http://en.wikipedia.org/wiki/David_Prophet,david,prophet
408,maggs,,\n,1937-02-09,south african,http://en.wikipedia.org/wiki/Tony_Maggs,tony,maggs
409,blokdyk,,\n,1935-11-30,south african,http://en.wikipedia.org/wiki/Trevor_Blokdyk,trevor,blokdyk
410,lederle,,\n,1938-09-25,south african,http://en.wikipedia.org/wiki/Neville_Lederle,neville,lederle
411,serrurier,,\n,1920-12-09,south african,http://en.wikipedia.org/wiki/Doug_Serrurier,doug,serrurier
412,niemann,,\n,1939-01-07,south african,http://en.wikipedia.org/wiki/Brausch_Niemann,brausch,niemann
413,pieterse,,\n,1938-07-04,south african,http://en.wikipedia.org/wiki/Ernie_Pieterse,ernie,pieterse
414,puzey,,\n,1941-07-11,rhodesian,http://en.wikipedia.org/wiki/Clive_Puzey,clive,puzey
415,reed,,\n,1932-04-30,south african,http://en.wikipedia.org/wiki/Ray_Reed,ray,reed
416,clapham,,\n,1931-05-18,south african,http://en.wikipedia.org/wiki/David_Clapham,david,clapham
417,blignaut,,\n,1932-11-30,south african,http://en.wikipedia.org/wiki/Alex_Blignaut,alex,blignaut
418,gregory,,\n,1932-02-29,american,http://en.wikipedia.org/wiki/Masten_Gregory,masten,gregory
419,rhodes,,\n,1927-08-18,british,http://en.wikipedia.org/wiki/John_Rhodes_(driver),john,rhodes
420,raby,,\n,1921-09-22,british,http://en.wikipedia.org/wiki/Ian_Raby,ian,raby
421,rollinson,,\n,1943-05-15,british,http://en.wikipedia.org/wiki/Alan_Rollinson,alan,rollinson
422,gubby,,\n,1934-04-17,british,http://en.wikipedia.org/wiki/Brian_Gubby,brian,gubby
423,mitter,,\n,1935-08-30,german,http://en.wikipedia.org/wiki/Gerhard_Mitter,gerhard,mitter
424,bussinello,,\n,1927-10-04,italian,http://en.wikipedia.org/wiki/Roberto_Bussinello,roberto,bussinello
425,vaccarella,,\n,1933-03-04,italian,http://en.wikipedia.org/wiki/Nino_Vaccarella,nino,vaccarella
426,bassi,,\n,1934-01-20,italian,http://en.wikipedia.org/wiki/Giorgio_Bassi,giorgio,bassi
427,trintignant,,\n,1917-10-30,french,http://en.wikipedia.org/wiki/Maurice_Trintignant,maurice,trintignant
428,collomb,,\n,1930-10-07,french,http://en.wikipedia.org/wiki/Bernard_Collomb,bernard,collomb
429,andre_pilette,,\n,1918-10-06,belgian,http://en.wikipedia.org/wiki/Andr%C3%A9_Pilette,andre,pilette
430,beaufort,,\n,1934-04-10,dutch,http://en.wikipedia.org/wiki/Carel_Godin_de_Beaufort,carel godin,de beaufort
431,barth,,\n,1917-01-26,german,http://en.wikipedia.org/wiki/Edgar_Barth,edgar,barth
432,cabral,,\n,1934-01-15,portuguese,http://en.wikipedia.org/wiki/Mario_de_Araujo_Cabral,mario de araujo,cabral
433,hansgen,,\n,1919-10-28,american,http://en.wikipedia.org/wiki/Walt_Hansgen,walt,hansgen
434,sharp,,\n,1928-01-01,american,http://en.wikipedia.org/wiki/Hap_Sharp,hap,sharp
435,mairesse,,\n,1928-10-01,belgian,http://en.wikipedia.org/wiki/Willy_Mairesse,willy,mairesse
436,campbell-jones,,\n,1930-01-21,british,http://en.wikipedia.org/wiki/John_Campbell-Jones,john,campbell-jones
437,burgess,,\n,1930-07-06,british,http://en.wikipedia.org/wiki/Ian_Burgess,ian,burgess
438,settember,,\n,1926-07-10,american,http://en.wikipedia.org/wiki/Tony_Settember,tony,settember
439,estefano,,\n,1932-11-18,argentine,http://en.wikipedia.org/wiki/Nasif_Est%C3%A9fano,nasif,estefano
440,hall,,\n,1935-07-23,american,http://en.wikipedia.org/wiki/Jim_Hall_(race_car_driver),jim,hall
441,parnell,,\n,1932-06-25,british,http://en.wikipedia.org/wiki/Tim_Parnell,tim,parnell
442,kuhnke,,\n,1910-04-30,german,http://en.wikipedia.org/wiki/Kurt_Kuhnke,kurt,kuhnke
443,ernesto_brambilla,,\n,1934-01-31,italian,http://en.wikipedia.org/wiki/Ernesto_Brambilla,ernesto,brambilla
444,lippi,,\n,1926-10-17,italian,http://en.wikipedia.org/wiki/Roberto_Lippi,roberto,lippi
445,seiffert,,\n,1937-10-18,german,http://en.wikipedia.org/wiki/G%C3%BCnther_Seiffert,gunther,seiffert
446,abate,,\n,1932-07-10,italian,http://en.wikipedia.org/wiki/Carlo_Mario_Abate,carlo,abate
447,starrabba,,\n,1932-12-03,italian,http://en.wikipedia.org/wiki/Gaetano_Starrabba,gaetano,starrabba
448,broeker,,\n,1926-05-15,canadian,http://en.wikipedia.org/wiki/Peter_Broeker,peter,broeker
449,ward,,\n,1921-01-10,american,http://en.wikipedia.org/wiki/Rodger_Ward,rodger,ward
450,vos,,\n,1941-07-01,dutch,http://en.wikipedia.org/wiki/Ernie_de_Vos,ernie,de vos
451,dochnal,,\n,1920-10-08,american,http://en.wikipedia.org/wiki/Frank_Dochnal,frank,dochnal
452,monarch,,\n,1945-09-03,american,http://en.wikipedia.org/wiki/Talk:1963_Mexican_Grand_Prix#Who_was_Thomas_Monarch.3F,thomas,monarch
842,gasly,10,gas,1996-02-07,french,http://en.wikipedia.org/wiki/Pierre_Gasly,pierre,gasly
453,lewis,,\n,1936-11-01,british,http://en.wikipedia.org/wiki/Jackie_Lewis,jackie,lewis
454,ricardo_rodriguez,,\n,1942-02-14,mexican,http://en.wikipedia.org/wiki/Ricardo_Rodr%C3%ADguez_(Formula_One),ricardo,rodriguez
455,seidel,,\n,1926-07-04,german,http://en.wikipedia.org/wiki/Wolfgang_Seidel,wolfgang,seidel
456,salvadori,,\n,1922-05-12,british,http://en.wikipedia.org/wiki/Roy_Salvadori,roy,salvadori
457,pon,,\n,1936-12-09,dutch,http://en.wikipedia.org/wiki/Ben_Pon,ben,pon
458,slotemaker,,\n,1929-06-13,dutch,http://en.wikipedia.org/wiki/Rob_Slotemaker,rob,slotemaker
459,marsh,,\n,1931-07-20,british,http://en.wikipedia.org/wiki/Tony_Marsh_(racing_driver),tony,marsh
460,ashmore,,\n,1936-07-25,british,http://en.wikipedia.org/wiki/Gerry_Ashmore,gerry,ashmore
461,schiller,,\n,1930-01-25,swiss,http://en.wikipedia.org/wiki/Heinz_Schiller,heinz,schiller
462,davis,,\n,1933-07-29,british,http://en.wikipedia.org/wiki/Colin_Davis_(driver),colin,davis
463,chamberlain,,\n,1925-12-29,american,http://en.wikipedia.org/wiki/Jay_Chamberlain,jay,chamberlain
464,shelly,,\n,1937-02-02,new zealander,http://en.wikipedia.org/wiki/Tony_Shelly,tony,shelly
465,greene,,\n,1938-01-05,british,http://en.wikipedia.org/wiki/Keith_Greene,keith,greene
466,walter,,\n,1927-07-28,swiss,http://en.wikipedia.org/wiki/Heini_Walter,heini,walter
467,prinoth,,\n,1923-04-15,italian,http://en.wikipedia.org/wiki/Ernesto_Prinoth,ernesto,prinoth
468,penske,,\n,1937-02-20,american,http://en.wikipedia.org/wiki/Roger_Penske,roger,penske
469,schroeder,,\n,1926-05-11,british,http://en.wikipedia.org/wiki/Rob_Schroeder,rob,schroeder
470,mayer,,\n,1938-02-22,american,http://en.wikipedia.org/wiki/Timmy_Mayer,timmy,mayer
471,johnstone,,\n,1937-01-30,south african,http://en.wikipedia.org/wiki/Bruce_Johnstone_(racing_driver),bruce,johnstone
472,harris,,\n,1939-05-25,south african,http://en.wikipedia.org/wiki/Mike_Harris_(race_car_driver),mike,harris
473,hocking,,\n,1937-09-30,rhodesian,http://en.wikipedia.org/wiki/Gary_Hocking,gary,hocking
474,vyver,,\n,1920-06-01,south african,http://en.wikipedia.org/wiki/Syd_van_der_Vyver,syd,van der vyver
475,moss,,\n,1929-09-17,british,http://en.wikipedia.org/wiki/Stirling_Moss,stirling,moss
476,trips,,\n,1928-05-04,german,http://en.wikipedia.org/wiki/Wolfgang_Graf_Berghe_von_Trips,wolfgang,von trips
477,allison,,\n,1932-02-08,british,http://en.wikipedia.org/wiki/Cliff_Allison,cliff,allison
478,herrmann,,\n,1928-02-23,german,http://en.wikipedia.org/wiki/Hans_Herrmann,hans,herrmann
479,brooks,,\n,1932-02-25,british,http://en.wikipedia.org/wiki/Tony_Brooks,tony,brooks
480,may,,\n,1934-08-18,swiss,http://en.wikipedia.org/wiki/Michael_May_(racing_driver),michael,may
481,henry_taylor,,\n,1932-12-16,british,http://en.wikipedia.org/wiki/Henry_Taylor_(racing_driver),henry,taylor
482,gendebien,,\n,1924-01-12,belgian,http://en.wikipedia.org/wiki/Olivier_Gendebien,olivier,gendebien
483,scarlatti,,\n,1921-10-02,italian,http://en.wikipedia.org/wiki/Giorgio_Scarlatti,giorgio,scarlatti
484,naylor,,\n,1923-03-24,british,http://en.wikipedia.org/wiki/Brian_Naylor,brian,naylor
485,bordeu,,\n,1934-01-28,argentine,http://en.wikipedia.org/wiki/Juan_Manuel_Bordeu,juan manuel,bordeu
486,fairman,,\n,1913-03-15,british,http://en.wikipedia.org/wiki/Jack_Fairman,jack,fairman
487,natili,,\n,1935-07-28,italian,http://en.wikipedia.org/wiki/Massimo_Natili,massimo,natili
488,monteverdi,,\n,1934-06-07,swiss,http://en.wikipedia.org/wiki/Peter_Monteverdi,peter,monteverdi
489,pirocchi,,\n,1933-03-26,italian,http://en.wikipedia.org/wiki/Renato_Pirocchi,renato,pirocchi
490,duke,,\n,1923-03-29,british,http://en.wikipedia.org/wiki/Geoff_Duke,geoff,duke
491,thiele,,\n,1920-04-05,american-italian,http://en.wikipedia.org/wiki/Alfonso_Thiele,alfonso,thiele
492,boffa,,\n,1930-01-04,italian,http://en.wikipedia.org/wiki/Menato_Boffa,menato,boffa
493,ryan,,\n,1940-06-10,canadian,http://en.wikipedia.org/wiki/Peter_Ryan_(driver),peter,ryan
494,ruby,,\n,1928-01-12,american,http://en.wikipedia.org/wiki/Lloyd_Ruby,lloyd,ruby
495,ken_miles,,\n,1918-11-01,british,http://en.wikipedia.org/wiki/Ken_Miles,ken,miles
496,menditeguy,,\n,1914-08-10,argentine,http://en.wikipedia.org/wiki/Carlos_Menditeguy,carlos,menditeguy
497,larreta,,\n,1934-01-14,argentine,http://en.wikipedia.org/wiki/Alberto_Rodriguez_Larreta,alberto rodriguez,larreta
498,gonzalez,,\n,1922-10-05,argentine,http://en.wikipedia.org/wiki/Jos%C3%A9_Froil%C3%A1n_Gonz%C3%A1lez,jose froilan,gonzalez
499,bonomi,,\n,1919-09-30,argentine,http://en.wikipedia.org/wiki/Roberto_Bonomi,roberto,bonomi
500,munaron,,\n,1928-04-02,italian,http://en.wikipedia.org/wiki/Gino_Munaron,gino,munaron
501,schell,,\n,1921-06-29,american,http://en.wikipedia.org/wiki/Harry_Schell,harry,schell
502,stacey,,\n,1933-08-29,british,http://en.wikipedia.org/wiki/Alan_Stacey,alan,stacey
503,chimeri,,\n,1921-06-04,venezuelan,http://en.wikipedia.org/wiki/Ettore_Chimeri,ettore,chimeri
504,creus,,\n,1924-10-28,spanish,http://en.wikipedia.org/wiki/Antonio_Creus,antonio,creus
505,bristow,,\n,1937-12-02,british,http://en.wikipedia.org/wiki/Chris_Bristow,chris,bristow
506,halford,,\n,1931-05-18,british,http://en.wikipedia.org/wiki/Bruce_Halford,bruce,halford
507,daigh,,\n,1923-11-29,american,http://en.wikipedia.org/wiki/Chuck_Daigh,chuck,daigh
508,reventlow,,\n,1936-02-24,american,http://en.wikipedia.org/wiki/Lance_Reventlow,lance,reventlow
509,rathmann,,\n,1928-07-16,american,http://en.wikipedia.org/wiki/Jim_Rathmann,jim,rathmann
510,goldsmith,,\n,1925-10-02,american,http://en.wikipedia.org/wiki/Paul_Goldsmith,paul,goldsmith
511,branson,,\n,1920-06-02,american,http://en.wikipedia.org/wiki/Don_Branson,don,branson
512,thomson,,\n,1922-04-09,american,http://en.wikipedia.org/wiki/Johnny_Thomson,johnny,thomson
513,johnson,,\n,1919-02-10,american,http://en.wikipedia.org/wiki/Eddie_Johnson_(auto_racer),eddie,johnson
514,veith,,\n,1926-11-01,american,http://en.wikipedia.org/wiki/Bob_Veith,bob,veith
515,tingelstad,,\n,1928-04-04,american,http://en.wikipedia.org/wiki/Bud_Tingelstad,bud,tingelstad
516,christie,,\n,1924-04-04,american,http://en.wikipedia.org/wiki/Bob_Christie_(racing_driver),bob,christie
517,amick,,\n,1929-01-19,american,http://en.wikipedia.org/wiki/Red_Amick,red,amick
518,darter,,\n,1913-05-05,american,http://en.wikipedia.org/wiki/Duane_Carter,duane,carter
519,homeier,,\n,1918-08-31,american,http://en.wikipedia.org/wiki/Bill_Homeier,bill,homeier
520,hartley,,\n,1926-01-28,american,http://en.wikipedia.org/wiki/Gene_Hartley,gene,hartley
521,stevenson,,\n,1919-10-15,american,http://en.wikipedia.org/wiki/Chuck_Stevenson,chuck,stevenson
522,grim,,\n,1924-09-04,american,http://en.wikipedia.org/wiki/Bobby_Grim,bobby,grim
523,templeman,,\n,1919-08-12,american,http://en.wikipedia.org/wiki/Shorty_Templeman,shorty,templeman
524,hurtubise,,\n,1932-12-05,american,http://en.wikipedia.org/wiki/Jim_Hurtubise,jim,hurtubise
525,bryan,,\n,1926-01-28,american,http://en.wikipedia.org/wiki/Jimmy_Bryan,jimmy,bryan
526,ruttman,,\n,1930-03-11,american,http://en.wikipedia.org/wiki/Troy_Ruttman,troy,ruttman
527,sachs,,\n,1927-05-28,american,http://en.wikipedia.org/wiki/Eddie_Sachs,eddie,sachs
528,freeland,,\n,1925-03-25,american,http://en.wikipedia.org/wiki/Don_Freeland,don,freeland
529,bettenhausen,,\n,1916-09-12,american,http://en.wikipedia.org/wiki/Tony_Bettenhausen,tony,bettenhausen
530,weiler,,\n,1934-12-09,american,http://en.wikipedia.org/wiki/Wayne_Weiler,wayne,weiler
531,foyt,,\n,1935-01-16,american,http://en.wikipedia.org/wiki/A.J._Foyt,anthony,foyt
532,russo,,\n,1925-11-19,american,http://en.wikipedia.org/wiki/Eddie_Russo,eddie,russo
533,boyd,,\n,1926-08-19,american,http://en.wikipedia.org/wiki/Johnny_Boyd,johnny,boyd
534,force,,\n,1916-06-15,american,http://en.wikipedia.org/wiki/Gene_Force,gene,force
535,mcwithey,,\n,1927-07-04,american,http://en.wikipedia.org/wiki/Jim_McWithey,jim,mcwithey
536,sutton,,\n,1925-08-09,american,http://en.wikipedia.org/wiki/Len_Sutton,len,sutton
537,dick_rathmann,,\n,1924-01-06,american,http://en.wikipedia.org/wiki/Dick_Rathmann,dick,rathmann
538,herman,,\n,1927-03-15,american,http://en.wikipedia.org/wiki/Al_Herman,al,herman
539,dempsey_wilson,,\n,1927-03-11,american,http://en.wikipedia.org/wiki/Dempsey_Wilson,dempsey,wilson
540,mike_taylor,,\n,1934-04-24,british,http://en.wikipedia.org/wiki/Mike_Taylor_(driver),mike,taylor
541,flockhart,,\n,1923-06-16,british,http://en.wikipedia.org/wiki/Ron_Flockhart_(auto_racing),ron,flockhart
542,piper,,\n,1930-12-02,british,http://en.wikipedia.org/wiki/David_Piper,david,piper
543,cabianca,,\n,1923-02-19,italian,http://en.wikipedia.org/wiki/Giulio_Cabianca,giulio,cabianca
544,drogo,,\n,1926-08-08,italian,http://en.wikipedia.org/wiki/Piero_Drogo,piero,drogo
545,gamble,,\n,1932-03-17,american,http://en.wikipedia.org/wiki/Fred_Gamble_(racing_driver),fred,gamble
546,owen,,\n,1915-03-23,british,http://en.wikipedia.org/wiki/Arthur_Owen,arthur,owen
547,gould,,\n,1918-09-20,british,http://en.wikipedia.org/wiki/Horace_Gould,horace,gould
548,drake,,\n,1919-12-14,american,http://en.wikipedia.org/wiki/Bob_Drake_(Formula_One),bob,drake
549,bueb,,\n,1923-06-06,british,http://en.wikipedia.org/wiki/Ivor_Bueb,ivor,bueb
550,changy,,\n,1922-02-05,belgian,http://en.wikipedia.org/wiki/Alain_de_Changy,alain,de changy
551,filippis,,\n,1926-11-11,italian,http://en.wikipedia.org/wiki/Maria_Teresa_de_Filippis,maria,de filippis
552,lucienbonnet,,\n,1923-01-07,french,http://en.wikipedia.org/wiki/Jean_Lucienbonnet,jean,lucienbonnet
553,testut,,\n,1926-04-13,monegasque,http://en.wikipedia.org/wiki/Andr%C3%A9_Testut,andre,testut
554,behra,,\n,1921-02-16,french,http://en.wikipedia.org/wiki/Jean_Behra,jean,behra
555,paul_russo,,\n,1914-04-10,american,http://en.wikipedia.org/wiki/Paul_Russo,paul,russo
556,daywalt,,\n,1924-08-28,american,http://en.wikipedia.org/wiki/Jimmy_Daywalt,jimmy,daywalt
557,arnold,,\n,1926-05-30,american,http://en.wikipedia.org/wiki/Chuck_Arnold,chuck,arnold
558,keller,,\n,1920-04-11,american,http://en.wikipedia.org/wiki/Al_Keller,al,keller
559,flaherty,,\n,1926-01-06,american,http://en.wikipedia.org/wiki/Pat_Flaherty_(racing_driver),pat,flaherty
560,cheesbourg,,\n,1927-06-12,american,http://en.wikipedia.org/wiki/Bill_Cheesbourg,bill,cheesbourg
561,ray_crawford,,\n,1915-10-26,american,http://en.wikipedia.org/wiki/Ray_Crawford,ray,crawford
562,turner,,\n,1920-02-12,american,http://en.wikipedia.org/wiki/Jack_Turner_(driver),jack,turner
563,weyant,,\n,1923-04-03,american,http://en.wikipedia.org/wiki/Chuck_Weyant,chuck,weyant
564,larson,,\n,1923-01-21,american,http://en.wikipedia.org/wiki/Jud_Larson,jud,larson
565,magill,,\n,1920-02-08,american,http://en.wikipedia.org/wiki/Mike_Magill,mike,magill
566,shelby,,\n,1923-01-11,american,http://en.wikipedia.org/wiki/Carroll_Shelby,carroll,shelby
567,orey,,\n,1938-03-25,brazilian,http://en.wikipedia.org/wiki/Fritz_d%27Orey,fritz,d'orey
568,fontes,,\n,1922-12-26,uruguayan,http://en.wikipedia.org/wiki/Azdrubal_Fontes,azdrubal,fontes
569,ashdown,,\n,1934-10-16,british,http://en.wikipedia.org/wiki/Peter_Ashdown,peter,ashdown
570,bill_moss,,\n,1933-09-04,british,http://en.wikipedia.org/wiki/Bill_Moss_(racing_driver),bill,moss
571,dennis_taylor,,\n,1921-06-12,british,http://en.wikipedia.org/wiki/Dennis_Taylor_(racing_driver),dennis,taylor
572,blanchard,,\n,1929-06-13,american,http://en.wikipedia.org/wiki/Harry_Blanchard,harry,blanchard
573,tomaso,,\n,1928-07-10,argentine-italian,http://en.wikipedia.org/wiki/Alessandro_de_Tomaso,alessandro,de tomaso
574,constantine,,\n,1918-02-22,american,http://en.wikipedia.org/wiki/George_Constantine,george,constantine
575,said,,\n,1932-05-05,american,http://en.wikipedia.org/wiki/Bob_Said,bob,said
576,cade,,\n,1916-06-12,american,http://en.wikipedia.org/wiki/Phil_Cade,phil,cade
577,musso,,\n,1924-07-28,italian,http://en.wikipedia.org/wiki/Luigi_Musso,luigi,musso
578,hawthorn,,\n,1929-04-10,british,http://en.wikipedia.org/wiki/Mike_Hawthorn,mike,hawthorn
579,fangio,,\n,1911-06-24,argentine,http://en.wikipedia.org/wiki/Juan_Manuel_Fangio,juan,fangio
580,godia,,\n,1921-03-21,spanish,http://en.wikipedia.org/wiki/Paco_Godia,paco,godia
581,collins,,\n,1931-11-06,british,http://en.wikipedia.org/wiki/Peter_Collins_(racing_driver),peter,collins
582,kavanagh,,\n,1923-12-12,australian,http://en.wikipedia.org/wiki/Ken_Kavanagh,ken,kavanagh
583,gerini,,\n,1928-08-10,italian,http://en.wikipedia.org/wiki/Gerino_Gerini_(racing_driver),gerino,gerini
584,kessler,,\n,1936-03-23,american,http://en.wikipedia.org/wiki/Bruce_Kessler,bruce,kessler
585,emery,,\n,1916-11-12,british,http://en.wikipedia.org/wiki/Paul_Emery,paul,emery
586,piotti,,\n,1913-10-27,italian,http://en.wikipedia.org/wiki/Luigi_Piotti,luigi,piotti
587,ecclestone,,\n,1930-10-28,british,http://en.wikipedia.org/wiki/Bernie_Ecclestone,bernie,ecclestone
588,taramazzo,,\n,1932-05-05,italian,http://en.wikipedia.org/wiki/Luigi_Taramazzo,luigi,taramazzo
589,chiron,,\n,1899-08-03,monegasque,http://en.wikipedia.org/wiki/Louis_Chiron,louis,chiron
590,lewis-evans,,\n,1930-04-20,british,http://en.wikipedia.org/wiki/Stuart_Lewis-Evans,stuart,lewis-evans
591,george_amick,,\n,1924-10-24,american,http://en.wikipedia.org/wiki/George_Amick,george,amick
592,reece,,\n,1929-11-17,american,http://en.wikipedia.org/wiki/Jimmy_Reece,jimmy,reece
593,parsons,,\n,1918-07-04,american,http://en.wikipedia.org/wiki/Johnnie_Parsons,johnnie,parsons
594,tolan,,\n,1917-10-22,american,http://en.wikipedia.org/wiki/Johnnie_Tolan,johnnie,tolan
595,garrett,,\n,1933-04-24,american,http://en.wikipedia.org/wiki/Billy_Garrett,billy,garrett
596,elisian,,\n,1926-12-09,american,http://en.wikipedia.org/wiki/Ed_Elisian,ed,elisian
597,connor,,\n,1928-10-09,american,http://en.wikipedia.org/wiki/Pat_O%27Connor_(auto_racer),pat,o'connor
598,jerry_unser,,\n,1932-11-15,american,http://en.wikipedia.org/wiki/Jerry_Unser,jerry,unser
599,bisch,,\n,1926-11-10,american,http://en.wikipedia.org/wiki/Art_Bisch,art,bisch
600,goethals,,\n,1928-08-04,belgian,http://en.wikipedia.org/wiki/Christian_Goethals,christian,goethals
601,gibson,,\n,1918-04-16,british,http://en.wikipedia.org/wiki/Dick_Gibson,dick,gibson
602,la_caze,,\n,1917-02-26,french,http://en.wikipedia.org/wiki/Robert_La_Caze,robert,la caze
603,guelfi,,\n,1919-05-06,french,http://en.wikipedia.org/wiki/Andr%C3%A9_Guelfi,andre,guelfi
604,picard,,\n,1921-04-26,french,http://en.wikipedia.org/wiki/Fran%C3%A7ois_Picard,francois,picard
605,bridger,,\n,1934-06-24,british,http://en.wikipedia.org/wiki/Tom_Bridger,tom,bridger
606,portago,,\n,1928-10-11,spanish,http://en.wikipedia.org/wiki/Alfonso_de_Portago,alfonso,de portago
607,perdisa,,\n,1932-10-21,italian,http://en.wikipedia.org/wiki/Cesare_Perdisa,cesare,perdisa
608,castellotti,,\n,1930-10-10,italian,http://en.wikipedia.org/wiki/Eugenio_Castellotti,eugenio,castellotti
609,simon,,\n,1920-01-05,french,http://en.wikipedia.org/wiki/Andr%C3%A9_Simon_(racing_driver),andre,simon
610,leston,,\n,1920-12-16,british,http://en.wikipedia.org/wiki/Les_Leston,les,leston
611,hanks,,\n,1914-07-13,american,http://en.wikipedia.org/wiki/Sam_Hanks,sam,hanks
612,linden,,\n,1922-04-05,american,http://en.wikipedia.org/wiki/Andy_Linden_(racing_driver),andy,linden
613,teague,,\n,1921-02-22,american,http://en.wikipedia.org/wiki/Marshall_Teague,marshall,teague
614,edmunds,,\n,1930-09-23,american,http://en.wikipedia.org/wiki/Don_Edmunds,don,edmunds
615,agabashian,,\n,1913-08-21,american,http://en.wikipedia.org/wiki/Fred_Agabashian,fred,agabashian
616,george,,\n,1928-07-15,american,http://en.wikipedia.org/wiki/Elmer_George,elmer,george
617,macdowel,,\n,1932-09-13,british,http://en.wikipedia.org/wiki/Mike_MacDowel,mike,macdowel
618,mackay-fraser,,\n,1927-06-23,american,http://en.wikipedia.org/wiki/Herbert_MacKay-Fraser,herbert,mackay-fraser
619,gerard,,\n,1914-01-19,british,http://en.wikipedia.org/wiki/Bob_Gerard,bob,gerard
620,maglioli,,\n,1928-06-05,italian,http://en.wikipedia.org/wiki/Umberto_Maglioli,umberto,maglioli
621,england,,\n,1929-03-28,australian,http://en.wikipedia.org/wiki/Paul_England,paul,england
622,landi,,\n,1907-07-14,brazilian,http://en.wikipedia.org/wiki/Chico_Landi,chico,landi
623,uria,,\n,1924-07-11,uruguayan,http://en.wikipedia.org/wiki/Alberto_Uria,alberto,uria
624,ramos,,\n,1925-12-07,brazilian,http://en.wikipedia.org/wiki/Hernando_da_Silva_Ramos,hernando,da silva ramos
625,bayol,,\n,1914-02-28,french,http://en.wikipedia.org/wiki/%C3%89lie_Bayol,elie,bayol
626,manzon,,\n,1917-04-12,french,http://en.wikipedia.org/wiki/Robert_Manzon,robert,manzon
627,rosier,,\n,1905-11-05,french,http://en.wikipedia.org/wiki/Louis_Rosier,louis,rosier
628,sweikert,,\n,1926-05-20,american,http://en.wikipedia.org/wiki/Bob_Sweikert,bob,sweikert
629,griffith,,\n,1916-02-06,american,http://en.wikipedia.org/wiki/Cliff_Griffith,cliff,griffith
630,dinsmore,,\n,1913-04-10,american,http://en.wikipedia.org/wiki/Duke_Dinsmore,duke,dinsmore
631,andrews,,\n,1920-06-15,american,http://en.wikipedia.org/wiki/Keith_Andrews_(driver),keith,andrews
632,frere,,\n,1917-01-30,belgian,http://en.wikipedia.org/wiki/Paul_Fr%C3%A8re,paul,frere
633,villoresi,,\n,1909-05-16,italian,http://en.wikipedia.org/wiki/Luigi_Villoresi,luigi,villoresi
634,scotti,,\n,1909-11-11,italian,http://en.wikipedia.org/wiki/Piero_Scotti,piero,scotti
635,chapman,,\n,1928-05-19,british,http://en.wikipedia.org/wiki/Colin_Chapman,colin,chapman
636,titterington,,\n,1928-05-01,british,http://en.wikipedia.org/wiki/Desmond_Titterington,desmond,titterington
637,scott_brown,,\n,1927-05-13,british,http://en.wikipedia.org/wiki/Archie_Scott_Brown,archie,scott brown
638,volonterio,,\n,1917-12-07,swiss,http://en.wikipedia.org/wiki/Ottorino_Volonterio,ottorino,volonterio
639,milhoux,,\n,1928-12-09,belgian,http://en.wikipedia.org/wiki/Andr%C3%A9_Milhoux,andre,milhoux
640,graffenried,,\n,1914-05-18,swiss,http://en.wikipedia.org/wiki/Toulo_de_Graffenried,toulo,de graffenried
641,taruffi,,\n,1906-10-12,italian,http://en.wikipedia.org/wiki/Piero_Taruffi,piero,taruffi
642,farina,,\n,1906-10-30,italian,http://en.wikipedia.org/wiki/Nino_Farina,nino,farina
643,mieres,,\n,1924-12-03,argentine,http://en.wikipedia.org/wiki/Roberto_Mieres,roberto,mieres
644,mantovani,,\n,1929-05-22,italian,http://en.wikipedia.org/wiki/Sergio_Mantovani,sergio,mantovani
645,bucci,,\n,1920-09-04,argentine,http://en.wikipedia.org/wiki/Clemar_Bucci,clemar,bucci
646,iglesias,,\n,1922-02-22,argentine,http://en.wikipedia.org/wiki/Jes%C3%BAs_Iglesias,jesus,iglesias
647,ascari,,\n,1918-07-13,italian,http://en.wikipedia.org/wiki/Alberto_Ascari,alberto,ascari
648,kling,,\n,1910-09-16,german,http://en.wikipedia.org/wiki/Karl_Kling,karl,kling
649,birger,,\n,1924-01-07,argentine,http://en.wikipedia.org/wiki/Pablo_Birger,pablo,birger
650,pollet,,\n,1922-07-02,french,http://en.wikipedia.org/wiki/Jacques_Pollet,jacques,pollet
651,macklin,,\n,1919-09-02,british,http://en.wikipedia.org/wiki/Lance_Macklin,lance,macklin
652,whiteaway,,\n,1928-11-01,british,http://en.wikipedia.org/wiki/Ted_Whiteaway,ted,whiteaway
653,davies,,\n,1929-08-08,american,http://en.wikipedia.org/wiki/Jimmy_Davies,jimmy,davies
654,faulkner,,\n,1920-02-16,american,http://en.wikipedia.org/wiki/Walt_Faulkner,walt,faulkner
655,niday,,\n,1914-04-29,american,http://en.wikipedia.org/wiki/Cal_Niday,cal,niday
656,cross,,\n,1918-01-24,american,http://en.wikipedia.org/wiki/Art_Cross,art,cross
657,vukovich,,\n,1918-12-13,american,http://en.wikipedia.org/wiki/Bill_Vukovich,bill,vukovich
658,mcgrath,,\n,1919-10-08,american,http://en.wikipedia.org/wiki/Jack_McGrath_(racing_driver),jack,mcgrath
659,hoyt,,\n,1929-01-29,american,http://en.wikipedia.org/wiki/Jerry_Hoyt,jerry,hoyt
660,claes,,\n,1916-08-11,belgian,http://en.wikipedia.org/wiki/Johnny_Claes,johnny,claes
661,peter_walker,,\n,1912-10-07,british,http://en.wikipedia.org/wiki/Peter_Walker_(driver),peter,walker
662,sparken,,\n,1930-06-16,french,http://en.wikipedia.org/wiki/Mike_Sparken,mike,sparken
663,wharton,,\n,1916-03-21,british,http://en.wikipedia.org/wiki/Ken_Wharton,ken,wharton
664,mcalpine,,\n,1920-09-21,british,http://en.wikipedia.org/wiki/Kenneth_McAlpine,kenneth,mcalpine
665,marr,,\n,1922-08-14,british,http://en.wikipedia.org/wiki/Leslie_Marr,leslie,marr
666,rolt,,\n,1918-10-16,british,http://en.wikipedia.org/wiki/Tony_Rolt,tony,rolt
667,fitch,,\n,1917-08-04,american,http://en.wikipedia.org/wiki/John_Fitch_(driver),john,fitch
668,lucas,,\n,1917-04-25,french,http://en.wikipedia.org/wiki/Jean_Lucas,jean,lucas
669,bira,,\n,1914-07-15,thai,http://en.wikipedia.org/wiki/Prince_Bira,prince,bira
670,marimon,,\n,1923-12-19,argentine,http://en.wikipedia.org/wiki/Onofre_Marim%C3%B3n,onofre,marimon
671,loyer,,\n,1907-08-05,french,http://en.wikipedia.org/wiki/Roger_Loyer,roger,loyer
672,daponte,,\n,1923-06-05,argentine,http://en.wikipedia.org/wiki/Jorge_Daponte,jorge,daponte
673,nazaruk,,\n,1921-10-02,american,http://en.wikipedia.org/wiki/Mike_Nazaruk,mike,nazaruk
674,crockett,,\n,1926-10-23,american,http://en.wikipedia.org/wiki/Larry_Crockett,larry,crockett
675,ayulo,,\n,1921-10-20,american,http://en.wikipedia.org/wiki/Manny_Ayulo,manny,ayulo
676,armi,,\n,1918-10-12,american,http://en.wikipedia.org/wiki/Frank_Armi,frank,armi
677,webb,,\n,1910-10-08,american,http://en.wikipedia.org/wiki/Travis_Webb,travis,webb
678,duncan,,\n,1911-07-25,american,http://en.wikipedia.org/wiki/Len_Duncan,len,duncan
679,mccoy,,\n,1921-02-19,american,http://en.wikipedia.org/wiki/Ernie_McCoy,ernie,mccoy
680,swaters,,\n,1926-10-30,american,http://en.wikipedia.org/wiki/Jacques_Swaters,jacques,swaters
681,georges_berger,,\n,1918-09-14,belgian,http://en.wikipedia.org/wiki/Georges_Berger,georges,berger
682,beauman,,\n,1928-07-26,british,http://en.wikipedia.org/wiki/Don_Beauman,don,beauman
683,thorne,,\n,1916-06-23,british,http://en.wikipedia.org/wiki/Leslie_Thorne,leslie,thorne
684,whitehouse,,\n,1909-04-01,british,http://en.wikipedia.org/wiki/Bill_Whitehouse,bill,whitehouse
685,riseley_prichard,,\n,1924-01-17,british,http://en.wikipedia.org/wiki/John_Riseley-Prichard,john,riseley-prichard
686,reg_parnell,,\n,1911-07-02,british,http://en.wikipedia.org/wiki/Reg_Parnell,reg,parnell
687,whitehead,,\n,1914-11-12,british,http://en.wikipedia.org/wiki/Peter_Whitehead_(racing_driver),peter,whitehead
688,brandon,,\n,1920-07-18,british,http://en.wikipedia.org/wiki/Eric_Brandon,eric,brandon
689,alan_brown,,\n,1919-11-20,british,http://en.wikipedia.org/wiki/Alan_Brown_(racing_driver),alan,brown
690,nuckey,,\n,1929-06-26,british,http://en.wikipedia.org/wiki/Rodney_Nuckey,rodney,nuckey
691,lang,,\n,1909-04-06,german,http://en.wikipedia.org/wiki/Hermann_Lang,hermann,lang
692,helfrich,,\n,1913-05-13,german,http://en.wikipedia.org/wiki/Theo_Helfrich,theo,helfrich
693,wacker,,\n,1918-07-10,american,http://en.wikipedia.org/wiki/Fred_Wacker,fred,wacker
694,riu,,\n,1925-03-10,italian,http://en.wikipedia.org/wiki/Giovanni_de_Riu,giovanni,de riu
695,galvez,,\n,1913-08-17,argentine,http://en.wikipedia.org/wiki/%C3%93scar_Alfredo_G%C3%A1lvez,oscar,galvez
696,john_barber,,\n,1929-07-22,british,http://en.wikipedia.org/wiki/John_Barber_(racing_driver),john,barber
697,bonetto,,\n,1903-06-09,italian,http://en.wikipedia.org/wiki/Felice_Bonetto,felice,bonetto
698,cruz,,\n,1923-06-28,argentine,http://en.wikipedia.org/wiki/Adolfo_Schewelm_Cruz,adolfo,cruz
699,nalon,,\n,1913-03-02,american,http://en.wikipedia.org/wiki/Duke_Nalon,duke,nalon
700,scarborough,,\n,1914-07-03,american,http://en.wikipedia.org/wiki/Carl_Scarborough,carl,scarborough
701,holland,,\n,1907-12-18,american,http://en.wikipedia.org/wiki/Bill_Holland,bill,holland
702,bob_scott,,\n,1928-10-04,american,http://en.wikipedia.org/wiki/Bob_Scott_(auto_racer),bob,scott
703,legat,,\n,1898-11-01,belgian,http://en.wikipedia.org/wiki/Arthur_Legat,arthur,legat
704,cabantous,,\n,1904-10-08,french,http://en.wikipedia.org/wiki/Yves_Giraud_Cabantous,yves,cabantous
705,crook,,\n,1920-02-16,british,http://en.wikipedia.org/wiki/Tony_Crook,tony,crook
706,jimmy_stewart,,\n,1931-03-06,british,http://en.wikipedia.org/wiki/Jimmy_Stewart_(racing_driver),jimmy,stewart
707,ian_stewart,,\n,1929-07-15,british,http://en.wikipedia.org/wiki/Ian_Stewart_(racing_driver),ian,stewart
708,duncan_hamilton,,\n,1920-04-30,british,http://en.wikipedia.org/wiki/Duncan_Hamilton_(racing_driver),duncan,hamilton
709,klodwig,,\n,1903-05-23,east german,http://en.wikipedia.org/wiki/Ernst_Klodwig,ernst,klodwig
710,krause,,\n,1907-03-30,east german,http://en.wikipedia.org/wiki/Rudolf_Krause,rudolf,krause
711,karch,,\n,1917-03-06,german,http://en.wikipedia.org/wiki/Oswald_Karch,oswald,karch
712,heeks,,\n,1922-02-13,german,http://en.wikipedia.org/wiki/Willi_Heeks,willi,heeks
713,fitzau,,\n,1923-02-10,east german,http://en.wikipedia.org/wiki/Theo_Fitzau,theo,fitzau
714,adolff,,\n,1921-11-05,german,http://en.wikipedia.org/wiki/Kurt_Adolff,kurt,adolff
715,bechem,,\n,1921-12-21,german,http://en.wikipedia.org/wiki/G%C3%BCnther_Bechem,gunther,bechem
716,bauer,,\n,1912-07-17,german,http://en.wikipedia.org/wiki/Erwin_Bauer,erwin,bauer
717,hans_stuck,,\n,1900-12-27,german,http://en.wikipedia.org/wiki/Hans_Von_Stuck,hans,von stuck
718,loof,,\n,1907-07-04,german,http://en.wikipedia.org/wiki/Ernst_Loof,ernst,loof
719,scherrer,,\n,1908-02-28,swiss,http://en.wikipedia.org/wiki/Albert_Scherrer,albert,scherrer
720,terra,,\n,1918-10-06,swiss,http://en.wikipedia.org/wiki/Max_de_Terra,max,de terra
721,hirt,,\n,1910-03-30,swiss,http://en.wikipedia.org/wiki/Peter_Hirt,peter,hirt
722,carini,,\n,1921-03-06,italian,http://en.wikipedia.org/wiki/Piero_Carini,piero,carini
723,fischer,,\n,1912-04-19,swiss,http://en.wikipedia.org/wiki/Rudi_Fischer,rudi,fischer
724,ulmen,,\n,1906-01-25,german,http://en.wikipedia.org/wiki/Toni_Ulmen,toni,ulmen
725,abecassis,,\n,1913-03-21,british,http://en.wikipedia.org/wiki/George_Abecassis,george,abecassis
726,george_connor,,\n,1906-08-16,american,http://en.wikipedia.org/wiki/George_Connor_(driver),george,connor
727,rigsby,,\n,1923-06-06,american,http://en.wikipedia.org/wiki/Jim_Rigsby,jim,rigsby
728,james,,\n,1925-05-23,american,http://en.wikipedia.org/wiki/Joe_James_(racing_driver),joe,james
729,schindler,,\n,1909-03-06,american,http://en.wikipedia.org/wiki/Bill_Schindler,bill,schindler
730,fonder,,\n,1917-06-22,american,http://en.wikipedia.org/wiki/George_Fonder,george,fonder
731,banks,,\n,1913-06-14,american,http://en.wikipedia.org/wiki/Henry_Banks,henry,banks
732,mcdowell,,\n,1915-01-29,american,http://en.wikipedia.org/wiki/Johnny_McDowell,johnny,mcdowell
733,miller,,\n,1902-07-19,american,http://en.wikipedia.org/wiki/Chet_Miller,chet,miller
734,ball,,\n,1925-08-26,american,http://en.wikipedia.org/wiki/Bobby_Ball_(auto_racer),bobby,ball
735,tornaco,,\n,1927-06-07,belgian,http://en.wikipedia.org/wiki/Charles_de_Tornaco,charles,de tornaco
736,laurent,,\n,1913-02-21,belgian,http://en.wikipedia.org/wiki/Roger_Laurent,roger,laurent
737,obrien,,\n,1908-04-11,american,http://en.wikipedia.org/wiki/Robert_O%27Brien_(auto_racer),robert,o'brien
738,gaze,,\n,1920-02-03,australian,http://en.wikipedia.org/wiki/Tony_Gaze,tony,gaze
739,charrington,,\n,1915-06-23,british,http://en.wikipedia.org/wiki/Robin_Montgomerie-Charrington,robin,montgomerie-charrington
740,comotti,,\n,1906-07-24,italian,http://en.wikipedia.org/wiki/Franco_Comotti,franco,comotti
741,etancelin,,\n,1896-12-28,french,http://en.wikipedia.org/wiki/Philippe_%C3%89tancelin,philippe,etancelin
742,poore,,\n,1916-08-19,british,http://en.wikipedia.org/wiki/Dennis_Poore,dennis,poore
743,thompson,,\n,1919-11-04,british,http://en.wikipedia.org/wiki/Eric_Thompson_(racing_driver),eric,thompson
744,downing,,\n,1917-12-05,british,http://en.wikipedia.org/wiki/Ken_Downing,ken,downing
745,graham_whitehead,,\n,1922-04-15,british,http://en.wikipedia.org/wiki/Graham_Whitehead,graham,whitehead
746,bianco,,\n,1916-07-22,brazilian,http://en.wikipedia.org/wiki/Gino_Bianco,gino,bianco
747,murray,,\n,1909-12-28,british,http://en.wikipedia.org/wiki/David_Murray_(driver),david,murray
748,cantoni,,\n,1906-10-04,uruguayan,http://en.wikipedia.org/wiki/Eitel_Cantoni,eitel,cantoni
749,aston,,\n,1900-03-29,british,http://en.wikipedia.org/wiki/Bill_Aston,bill,aston
750,brudes,,\n,1899-10-15,german,http://en.wikipedia.org/wiki/Adolf_Brudes,adolf,brudes
751,riess,,\n,1922-07-11,german,http://en.wikipedia.org/wiki/Fritz_Riess,fritz,riess
752,niedermayr,,\n,1915-11-29,german,http://en.wikipedia.org/wiki/Helmut_Niedermayr,helmut,niedermayr
753,klenk,,\n,1919-10-28,german,http://en.wikipedia.org/wiki/Hans_Klenk,hans,klenk
754,balsa,,\n,1909-01-01,french,http://en.wikipedia.org/wiki/Marcel_Balsa,marcel,balsa
755,schoeller,,\n,1902-04-27,swiss,http://en.wikipedia.org/wiki/Rudolf_Schoeller,rudolf,schoeller
756,pietsch,,\n,1911-06-20,german,http://en.wikipedia.org/wiki/Paul_Pietsch,paul,pietsch
757,peters,,\n,1914-09-16,german,http://en.wikipedia.org/wiki/Josef_Peters_(driver),josef,peters
758,lof,,\n,1919-08-23,dutch,http://en.wikipedia.org/wiki/Dries_van_der_Lof,dries,van der lof
759,flinterman,,\n,1919-10-02,dutch,http://en.wikipedia.org/wiki/Jan_Flinterman,jan,flinterman
760,dusio,,\n,1899-10-13,italian,http://en.wikipedia.org/wiki/Piero_Dusio,piero,dusio
761,crespo,,\n,1920-01-16,argentine,http://en.wikipedia.org/wiki/Alberto_Crespo,alberto,crespo
762,rol,,\n,1908-06-05,italian,http://en.wikipedia.org/wiki/Franco_Rol,franco,rol
763,sanesi,,\n,1911-03-28,italian,http://en.wikipedia.org/wiki/Consalvo_Sanesi,consalvo,sanesi
764,guy_mairesse,,\n,1910-08-10,french,http://en.wikipedia.org/wiki/Guy_Mairesse,guy,mairesse
765,louveau,,\n,1910-01-25,french,http://en.wikipedia.org/wiki/Henri_Louveau,henri,louveau
766,wallard,,\n,1910-09-07,american,http://en.wikipedia.org/wiki/Lee_Wallard,lee,wallard
767,forberg,,\n,1911-03-04,american,http://en.wikipedia.org/wiki/Carl_Forberg,carl,forberg
768,rose,,\n,1906-05-26,american,http://en.wikipedia.org/wiki/Mauri_Rose,mauri,rose
769,mackey,,\n,1927-12-15,american,http://en.wikipedia.org/wiki/Bill_Mackey,bill,mackey
770,green,,\n,1919-09-30,american,http://en.wikipedia.org/wiki/Cecil_Green,cecil,green
771,walt_brown,,\n,1911-12-30,american,http://en.wikipedia.org/wiki/Walt_Brown_(auto_racer),walt,brown
772,hellings,,\n,1915-09-14,american,http://en.wikipedia.org/wiki/Mack_Hellings,mack,hellings
773,levegh,,\n,1905-12-22,french,http://en.wikipedia.org/wiki/Pierre_Levegh,pierre,levegh
774,chaboud,,\n,1907-04-12,french,http://en.wikipedia.org/wiki/Eug%C3%A8ne_Chaboud,eugene,chaboud
775,gordini,,\n,1921-05-20,french,http://en.wikipedia.org/wiki/Aldo_Gordini,aldo,gordini
776,kelly,,\n,1913-03-13,irish,http://en.wikipedia.org/wiki/Joe_Kelly_(Formula_One),joe,kelly
777,parker,,\n,1907-09-22,british,http://en.wikipedia.org/wiki/Philip_Fotheringham-Parker,philip,fotheringham-parker
778,shawe_taylor,,\n,1915-01-28,british,http://en.wikipedia.org/wiki/Brian_Shawe_Taylor,brian,shawe taylor
779,john_james,,\n,1914-05-10,british,http://en.wikipedia.org/wiki/John_James_(auto_racer),john,james
780,branca,,\n,1916-09-15,swiss,http://en.wikipedia.org/wiki/Toni_Branca,toni,branca
781,richardson,,\n,1911-08-21,british,http://en.wikipedia.org/wiki/Ken_Richardson_(race_car_driver),ken,richardson
782,jover,,\n,1903-11-23,spanish,http://en.wikipedia.org/wiki/Juan_Jover,juan,jover
783,grignard,,\n,1905-07-25,french,http://en.wikipedia.org/wiki/Georges_Grignard,georges,grignard
784,hampshire,,\n,1917-12-29,british,http://en.wikipedia.org/wiki/David_Hampshire,david,hampshire
785,crossley,,\n,1921-05-11,british,http://en.wikipedia.org/wiki/Geoff_Crossley,geoff,crossley
786,fagioli,,\n,1898-06-09,italian,http://en.wikipedia.org/wiki/Luigi_Fagioli,luigi,fagioli
787,harrison,,\n,1906-07-06,british,http://en.wikipedia.org/wiki/Cuth_Harrison,cuth,harrison
788,fry,,\n,1915-10-26,british,http://en.wikipedia.org/wiki/Joe_Fry,joe,fry
789,martin,,\n,1915-03-24,french,http://en.wikipedia.org/wiki/Eug%C3%A8ne_Martin,eugene,martin
790,leslie_johnson,,\n,1912-03-22,british,http://en.wikipedia.org/wiki/Leslie_Johnson_(racing_driver),leslie,johnson
791,biondetti,,\n,1898-08-18,italian,http://en.wikipedia.org/wiki/Clemente_Biondetti,clemente,biondetti
792,pian,,\n,1912-10-21,argentine,http://en.wikipedia.org/wiki/Alfredo_Pi%C3%A0n,alfredo,pian
793,sommer,,\n,1906-08-31,french,http://en.wikipedia.org/wiki/Raymond_Sommer,raymond,sommer
794,chitwood,,\n,1912-04-14,american,http://en.wikipedia.org/wiki/Joie_Chitwood,joie,chitwood
795,fohr,,\n,1912-06-17,american,http://en.wikipedia.org/wiki/Myron_Fohr,myron,fohr
796,ader,,\n,1913-12-15,american,http://en.wikipedia.org/wiki/Walt_Ader,walt,ader
797,holmes,,\n,1920-09-04,american,http://en.wikipedia.org/wiki/Jackie_Holmes,jackie,holmes
798,levrett,,\n,1914-02-14,american,http://en.wikipedia.org/wiki/Bayliss_Levrett,bayliss,levrett
799,jackson,,\n,1910-07-25,american,http://en.wikipedia.org/wiki/Jimmy_Jackson_(driver),jimmy,jackson
800,pagani,,\n,1911-10-11,italian,http://en.wikipedia.org/wiki/Nello_Pagani,nello,pagani
801,pozzi,,\n,1909-08-27,french,http://en.wikipedia.org/wiki/Charles_Pozzi,charles,pozzi
802,serafini,,\n,1909-07-22,italian,http://en.wikipedia.org/wiki/Dorino_Serafini,dorino,serafini
803,cantrell,,\n,1908-01-31,american,http://en.wikipedia.org/wiki/William_Cantrell,bill,cantrell
804,mantz,,\n,1918-09-18,american,http://en.wikipedia.org/wiki/Johnny_Mantz,johnny,mantz
805,kladis,,\n,1917-02-10,american,http://en.wikipedia.org/wiki/Danny_Kladis,danny,kladis
806,oscar_gonzalez,,\n,1923-11-10,uruguayan,http://en.wikipedia.org/wiki/Oscar_Gonz%C3%A1lez_(racing_driver),oscar,gonzalez
807,hulkenberg,27,hul,1987-08-19,german,http://en.wikipedia.org/wiki/Nico_H%C3%BClkenberg,nico,hulkenberg
808,petrov,,pet,1984-09-08,russian,http://en.wikipedia.org/wiki/Vitaly_Petrov,vitaly,petrov
810,grassi,,dig,1984-08-11,brazilian,http://en.wikipedia.org/wiki/Lucas_di_Grassi,lucas,di grassi
811,bruno_senna,,sen,1983-10-15,brazilian,http://en.wikipedia.org/wiki/Bruno_Senna,bruno,senna
812,chandhok,,cha,1984-01-19,indian,http://en.wikipedia.org/wiki/Karun_Chandhok,karun,chandhok
813,maldonado,13,mal,1985-03-09,venezuelan,http://en.wikipedia.org/wiki/Pastor_Maldonado,pastor,maldonado
814,resta,,dir,1986-04-16,british,http://en.wikipedia.org/wiki/Paul_di_Resta,paul,di resta
815,perez,11,per,1990-01-26,mexican,http://en.wikipedia.org/wiki/Sergio_P%C3%A9rez,sergio,perez
816,ambrosio,,dam,1985-12-27,belgian,http://en.wikipedia.org/wiki/J%C3%A9r%C3%B4me_d%27Ambrosio,jerome,d'ambrosio
817,ricciardo,3,ric,1989-07-01,australian,http://en.wikipedia.org/wiki/Daniel_Ricciardo,daniel,ricciardo
818,vergne,25,ver,1990-04-25,french,http://en.wikipedia.org/wiki/Jean-%C3%89ric_Vergne,jean-eric,vergne
819,pic,,pic,1990-02-15,french,http://en.wikipedia.org/wiki/Charles_Pic,charles,pic
820,chilton,4,chi,1991-04-21,british,http://en.wikipedia.org/wiki/Max_Chilton,max,chilton
821,gutierrez,21,gut,1991-08-05,mexican,http://en.wikipedia.org/wiki/Esteban_Guti%C3%A9rrez,esteban,gutierrez
822,bottas,77,bot,1989-08-28,finnish,http://en.wikipedia.org/wiki/Valtteri_Bottas,valtteri,bottas
823,garde,,vdg,1985-04-25,dutch,http://en.wikipedia.org/wiki/Giedo_van_der_Garde,giedo,van der garde
824,jules_bianchi,17,bia,1989-08-03,french,http://en.wikipedia.org/wiki/Jules_Bianchi,jules,bianchi
825,kevin_magnussen,20,mag,1992-10-05,danish,http://en.wikipedia.org/wiki/Kevin_Magnussen,kevin,magnussen
826,kvyat,26,kvy,1994-04-26,russian,http://en.wikipedia.org/wiki/Daniil_Kvyat,daniil,kvyat
827,lotterer,45,lot,1981-11-19,german,http://en.wikipedia.org/wiki/Andr%C3%A9_Lotterer,andre,lotterer
828,ericsson,9,eri,1990-09-02,swedish,http://en.wikipedia.org/wiki/Marcus_Ericsson,marcus,ericsson
829,stevens,28,ste,1991-06-28,british,http://en.wikipedia.org/wiki/Will_Stevens,will,stevens
830,max_verstappen,33,ver,1997-09-30,dutch,http://en.wikipedia.org/wiki/Max_Verstappen,max,verstappen
831,nasr,12,nas,1992-08-21,brazilian,http://en.wikipedia.org/wiki/Felipe_Nasr,felipe,nasr
832,sainz,55,sai,1994-09-01,spanish,http://en.wikipedia.org/wiki/Carlos_Sainz_Jr.,carlos,sainz
833,merhi,98,mer,1991-03-22,spanish,http://en.wikipedia.org/wiki/Roberto_Merhi,roberto,merhi
834,rossi,53,rss,1991-09-25,american,http://en.wikipedia.org/wiki/Alexander_Rossi_%28racing_driver%29,alexander,rossi
835,jolyon_palmer,30,pal,1991-01-20,british,http://en.wikipedia.org/wiki/Jolyon_Palmer,jolyon,palmer
836,wehrlein,94,weh,1994-10-18,german,http://en.wikipedia.org/wiki/Pascal_Wehrlein,pascal,wehrlein
837,haryanto,88,har,1993-01-22,indonesian,http://en.wikipedia.org/wiki/Rio_Haryanto,rio,haryanto
838,vandoorne,2,van,1992-03-26,belgian,http://en.wikipedia.org/wiki/Stoffel_Vandoorne,stoffel,vandoorne
839,ocon,31,oco,1996-09-17,french,http://en.wikipedia.org/wiki/Esteban_Ocon,esteban,ocon
840,stroll,18,str,1998-10-29,canadian,http://en.wikipedia.org/wiki/Lance_Stroll,lance,stroll
841,giovinazzi,99,gio,1993-12-14,italian,http://en.wikipedia.org/wiki/Antonio_Giovinazzi,antonio,giovinazzi
843,brendon_hartley,28,har,1989-11-10,new zealander,http://en.wikipedia.org/wiki/Brendon_Hartley,brendon,hartley
844,leclerc,16,lec,1997-10-16,monegasque,http://en.wikipedia.org/wiki/Charles_Leclerc,charles,leclerc
845,sirotkin,35,sir,1995-08-27,russian,http://en.wikipedia.org/wiki/Sergey_Sirotkin_(racing_driver),sergey,sirotkin
846,norris,4,nor,1999-11-13,british,http://en.wikipedia.org/wiki/Lando_Norris,lando,norris
847,russell,63,rus,1998-02-15,british,http://en.wikipedia.org/wiki/George_Russell_%28racing_driver%29,george,russell
848,albon,23,alb,1996-03-23,thai,http://en.wikipedia.org/wiki/Alexander_Albon,alexander,albon
849,latifi,6,lat,1995-06-29,canadian,http://en.wikipedia.org/wiki/Nicholas_Latifi,nicholas,latifi
850,pietro_fittipaldi,51,fit,1996-06-25,brazilian,http://en.wikipedia.org/wiki/Pietro_Fittipaldi,pietro,fittipaldi
851,aitken,89,ait,1995-09-23,british,http://en.wikipedia.org/wiki/Jack_Aitken,jack,aitken
852,tsunoda,,tsu,2000-05-11,japanese,http://en.wikipedia.org/wiki/Yuki_Tsunoda,yuki,tsunoda
853,mazepin,,maz,1999-03-02,russian,http://en.wikipedia.org/wiki/Nikita_Mazepin,nikita,mazepin
854,mick_schumacher,,sch,1999-03-22,german,http://en.wikipedia.org/wiki/Mick_Schumacher,mick,schumacher
